DateTime,Appliances,lights,T1,RH_1,T2,RH_2
2026-01-16 18:29:36,110.0,0.0,19.29,40.6633333333333,18.7,39.7
2026-01-16 18:29:38,90.0,10.0,19.29,40.79,18.7,39.7
2026-01-16 18:29:41,100.0,0.0,19.29,40.76640774917527,18.7,39.76
2026-01-16 18:29:44,104.99998875002906,10.0,19.29,40.79,18.7,39.8266666666667
2026-01-16 18:29:46,110.0,8.666664345682133,19.297482995991242,40.73,18.7,39.9
2026-01-16 18:29:49,100.0,10.0,19.293788855696263,40.745,18.7,39.9
2026-01-16 18:29:52,119.83056351605536,10.0,19.29416667812497,40.76,18.7,39.9666666666667
2026-01-16 18:29:54,90.0,7.377052781505201,19.29,40.9,18.7,40.0
2026-01-16 18:29:57,180.0,5.454557024761458,19.29,41.53747551551655,18.7,40.0
2026-01-16 18:29:59,140.0,0.0,19.354444475061637,41.15,18.79,40.09
2026-01-16 18:30:02,100.0,10.0,19.32333333333329,42.1566666666667,18.79,40.09
2026-01-16 18:30:05,144.47243605199958,20.0,19.39,42.09666666666671,18.82333333333329,40.16
2026-01-16 18:30:07,276.8059938631967,22.666668814808922,19.39,41.73,18.82333333333329,40.23
2026-01-16 18:30:10,266.47063837362595,20.0,19.39,41.6566666666667,18.89,40.4157894980609
2026-01-16 18:30:13,238.47475130657782,30.0,19.479807734997404,41.59,18.89,40.4
2026-01-16 18:30:15,150.0,20.0,19.463333333333296,41.59,19.0,40.4
2026-01-16 18:30:18,330.0,20.0,19.52323237419637,41.6,19.0,40.54083344562478
2026-01-16 18:30:20,420.0,20.0,19.5,41.3266666666667,19.0,40.5
2026-01-16 18:30:23,330.0,20.0,19.533333333333296,41.29,19.0,40.5
2026-01-16 18:30:26,130.0,20.0,19.6,41.43,19.1,40.853409172890714
2026-01-16 18:30:28,130.0,20.0,19.6,41.5,19.1,40.8266666666667
2026-01-16 18:30:31,110.0,20.0,19.6,41.55468351267432,19.1666666666667,40.9023529375548
2026-01-16 18:30:34,250.0,10.0,19.6,41.59,19.1333333333333,40.9033898291104
2026-01-16 18:30:36,520.0,0.0,19.6,41.53,19.1333333333333,40.9
2026-01-16 18:30:39,360.0,0.0,19.6,41.5,19.095402285969122,40.9666666666667
2026-01-16 18:30:41,330.0,0.0,19.6,41.69333333333329,19.1,40.8266666666667
2026-01-16 18:30:44,310.0,0.0,19.6,42.082025388631465,19.07088604619993,40.79
2026-01-16 18:30:47,270.0,0.0,19.6,42.0,19.1,40.73
2026-01-16 18:30:49,230.0,0.0,19.6,42.145,19.06666666666669,40.6333333333333
2026-01-16 18:30:52,170.0,0.0,19.6,42.2,19.0,40.644999999999996
2026-01-16 18:30:55,31.34615758135303,0.0,19.6,42.0666666666667,19.0,40.6566666666667
2026-01-16 18:30:57,30.0,0.0,19.486075931506743,42.151886798022176,18.927130771959675,40.93
2026-01-16 18:31:00,35.454557024761456,0.0,19.5,42.1333333333333,18.963333333333296,41.0666666666667
2026-01-16 18:31:02,30.0,0.0,19.5,42.2,18.89,41.2
2026-01-16 18:31:05,40.0,0.0,19.4266666666667,42.16185923584517,18.89,41.29
2026-01-16 18:31:08,50.0,0.0,19.39,42.09,18.82333333333329,41.23
2026-01-16 18:31:10,50.0,0.0,19.39,42.09,18.79,41.29
2026-01-16 18:31:13,40.0,0.0,19.3566666666667,42.089999999999996,18.79,41.29
2026-01-16 18:31:15,40.0,0.0,19.29,42.09,18.7,41.359213424681336
2026-01-16 18:31:18,50.0,0.0,19.245569583768713,42.09,18.7,41.4
2026-01-16 18:31:21,45.0,0.0,19.29,42.09,18.6333333333333,41.345
2026-01-16 18:31:23,40.0,0.0,19.2,42.06,18.6,41.29
2026-01-16 18:31:26,60.0,0.0,19.2,42.06,18.6,41.28999999999999
2026-01-16 18:31:29,40.0,0.0,19.2,42.09,18.6,41.29
2026-01-16 18:31:31,40.0,0.0,19.1,42.09,18.533333333333296,41.29
2026-01-16 18:31:34,36.24999218752226,0.0,19.1,42.09,18.5,41.26909086322326
2026-01-16 18:31:36,40.0,0.0,19.1,42.09,18.5,41.29
2026-01-16 18:31:39,30.0,0.0,19.1,42.09,18.463333333333296,41.26
2026-01-16 18:31:42,33.93940179061032,0.0,19.0,42.0,18.39,41.2
2026-01-16 18:31:44,30.0,0.0,19.0,42.06,18.39,41.29
2026-01-16 18:31:47,40.0,0.0,19.0,42.09,18.39,41.29
2026-01-16 18:31:50,40.0,0.0,19.0,42.09,18.29,41.29
2026-01-16 18:31:52,50.0,0.0,18.963333333333296,42.09,18.29,41.29
2026-01-16 18:31:55,40.0,0.0,18.89,42.1633333333333,18.29,41.4
2026-01-16 18:31:57,40.0,0.0,18.89,42.2,18.29,41.4
2026-01-16 18:32:00,40.0,0.0,18.89,42.2,18.2,41.29
2026-01-16 18:32:03,50.0,0.0,18.79,42.1266666666667,18.188700539500203,41.363333333333294
2026-01-16 18:32:05,50.0,0.0,18.79,42.22172416925084,18.2,41.4620253468594
2026-01-16 18:32:08,50.0,0.0,18.79,42.2,18.2,41.425
2026-01-16 18:32:10,45.33332874075142,0.0,18.79,42.25800002755548,18.1333333333333,41.5
2026-01-16 18:32:13,50.0,0.0,18.76,42.23,18.1,41.5
2026-01-16 18:32:16,40.0,0.0,18.7,42.29,18.1,41.5
2026-01-16 18:32:18,40.0,0.0,18.7,42.29,18.1,41.59
2026-01-16 18:32:21,20.0,0.0,18.7,42.29,18.033333333333296,41.53
2026-01-16 18:32:24,30.0,0.0,18.7,42.29,18.06666666666665,41.56
2026-01-16 18:32:26,30.0,0.0,18.64045973469688,42.29,18.1,41.59
2026-01-16 18:32:29,40.0,0.0,18.6666666666667,42.29,18.0,41.5
2026-01-16 18:32:31,50.0,0.0,18.6,42.29,18.0,41.61200002688884
2026-01-16 18:32:34,44.660198341021676,0.0,18.6,42.29,18.0,41.59
2026-01-16 18:32:37,40.0,0.0,18.6,42.345,18.0,41.59
2026-01-16 18:32:39,50.0,0.0,18.562222183456868,42.4,17.9633333333333,41.7
2026-01-16 18:32:42,48.101263387282096,0.0,18.6,42.4,17.889999999999997,41.7
2026-01-16 18:32:45,50.0,0.0,18.533333333333296,42.4,17.89,41.6266666666667
2026-01-16 18:32:47,50.0,0.0,18.5,42.433333333333294,17.89,41.7
2026-01-16 18:32:50,40.0,0.0,18.5,42.5,17.89,41.73
2026-01-16 18:32:52,50.0,0.0,18.5,42.5,17.89,41.79
2026-01-16 18:32:55,40.0,0.0,18.5,42.5,17.79,41.73
2026-01-16 18:32:58,40.0,1.2500034374932032,18.463333333333296,42.56,17.79,41.79
2026-01-16 18:33:00,40.0,0.0,18.39,42.5,17.79,41.91602031045706
2026-01-16 18:33:03,89.69710895282431,0.0,18.39,42.53,17.79,41.79
2026-01-16 18:33:05,30.0,5.0,18.39,42.59,17.79,41.9108605539362
2026-01-16 18:33:08,70.0,10.0,18.39,42.59,17.79,42.168140708970846
2026-01-16 18:33:11,360.0,20.0,18.39,42.863333333333294,17.79,41.9666666666667
2026-01-16 18:33:13,400.0,10.0,18.39,43.36,17.79,42.61917975115406
2026-01-16 18:33:16,82.97032303692555,10.0,18.39,43.9666666666667,17.767164147694423,42.621139018966744
2026-01-16 18:33:19,70.0,0.0,18.39,43.9568501465866,17.79,42.6266666666667
2026-01-16 18:33:21,81.63937824503701,0.0,18.39,44.0225,17.775,42.62111109747481
2026-01-16 18:33:24,96.91734966636515,0.0,18.39,43.933333333333294,17.76,42.603131262029535
2026-01-16 18:33:26,80.0,10.0,18.39,43.76,17.7,42.6266666666667
2026-01-16 18:33:29,138.9795811589018,0.0,18.39,43.7,17.730139584765734,42.59
2026-01-16 18:33:32,143.39710877271972,10.0,18.39,43.59,17.7,42.53
2026-01-16 18:33:34,161.69855438635986,0.0,18.39,43.53,17.733157968282345,42.43210504376792
2026-01-16 18:33:37,180.0,10.0,18.39,43.363333333333294,17.815949400373814,42.254683512674326
2026-01-16 18:33:40,130.0,0.0,18.39,43.29,17.79,42.29
2026-01-16 18:33:42,122.40510544774094,20.0,18.4266666666667,43.3266666666667,17.79,42.23
2026-01-16 18:33:45,70.0,21.78082658096054,18.5,43.377916639270985,17.9266666666667,42.2
2026-01-16 18:33:47,180.0,20.0,18.533333333333296,43.4,18.025,42.1175
2026-01-16 18:33:50,170.0,25.0,18.533333333333296,43.2666666666667,18.1,42.10392403948488
2026-01-16 18:33:53,390.0,30.0,18.6,43.51616165431572,18.23,42.089999999999996
2026-01-16 18:33:55,442.3078092042275,15.333328740751421,18.6666666666667,43.49,18.29,42.09
2026-01-16 18:33:58,340.0,20.0,18.7,43.6333333333333,18.39,42.09
2026-01-16 18:34:01,550.0,10.0,18.829543029469264,43.433333333333294,18.39,42.09
2026-01-16 18:34:03,530.8274581785943,10.0,18.82433547948504,43.7666666666667,18.5,42.06
2026-01-16 18:34:06,620.0,10.0,18.79,43.69333333333329,18.56666666666669,41.7266666666667
2026-01-16 18:34:08,378.6665561484034,10.0,18.82333333333329,43.26,18.6333333333333,41.4666666666667
2026-01-16 18:34:11,490.0,10.0,18.9175,43.05,19.048998834907596,40.72551018556853
2026-01-16 18:34:14,260.0,10.0,19.0,43.283031211981,18.997471553546703,40.73306216654385
2026-01-16 18:34:16,240.0,10.0,19.1,42.863333333333294,18.89,40.74230762971741
2026-01-16 18:34:19,220.0,10.0,19.1666666666667,43.53,19.02833333333335,40.79
2026-01-16 18:34:22,130.0,10.0,19.36,44.5666666666667,19.1666666666667,40.73
2026-01-16 18:34:24,90.0,10.0,20.06488163510106,44.5,19.32333333333329,40.571772142188784
2026-01-16 18:34:27,290.0,10.0,20.047474853397347,45.1233333333333,19.463333333333296,40.59
2026-01-16 18:34:29,281.9999602223102,0.0,19.996666666666705,45.73,19.6333333333333,40.53
2026-01-16 18:34:32,320.0,0.0,20.1,44.8537253397234,19.7,40.59
2026-01-16 18:34:35,260.0,0.0,20.1666666666667,45.02352933652834,19.79,40.4666666666667
2026-01-16 18:34:37,210.0,0.0,20.36,45.19333333333329,19.8925,40.3725
2026-01-16 18:34:40,210.0,0.0,20.56666666666669,44.7266666666667,20.06666666666669,40.29
2026-01-16 18:34:42,140.0,0.0,20.82333333333329,44.33333333333329,20.1333333333333,40.037149296466374
2026-01-16 18:34:45,53.03797630186926,0.0,20.963333333333296,43.8666666666667,20.26,40.1266666666667
2026-01-16 18:34:48,50.0,0.0,21.22632654758015,41.8619606846945,20.29,39.89636342562044
2026-01-16 18:34:50,60.0,0.0,21.213163273790073,41.98098034234725,20.29,40.0
2026-01-16 18:34:53,50.0,0.0,21.2,42.1,20.54313727347172,39.76
2026-01-16 18:34:56,60.0,0.0,21.26570628704375,41.69333333333329,20.53276842640985,39.7
2026-01-16 18:34:58,140.0,0.0,21.23,41.59666666666671,20.5,39.59
2026-01-16 18:35:01,270.0,0.0,21.29,41.565,20.56666666666669,39.53
2026-01-16 18:35:03,57.33333118519107,0.0,21.3566666666667,41.29,20.6,39.4666666666667
2026-01-16 18:35:06,60.0,0.0,21.3566666666667,40.83333333333329,20.6,39.4
2026-01-16 18:35:09,50.0,0.0,21.3566666666667,40.48383821992697,20.73,39.4
2026-01-16 18:35:11,60.0,0.0,21.5,40.56,20.79,39.3266666666667
2026-01-16 18:35:14,80.0,0.0,21.5,40.433333333333294,20.89,39.29
2026-01-16 18:35:17,50.0,0.0,21.6,40.26,20.963333333333296,39.23
2026-01-16 18:35:19,40.0,0.0,21.6,40.1266666666667,21.0,39.1633333333333
2026-01-16 18:35:22,50.0,0.0,21.6,40.06,21.06666666666669,39.12666666666665
2026-01-16 18:35:24,50.0,0.0,21.6,39.940222156568026,21.1,39.09
2026-01-16 18:35:27,40.0,0.0,21.533333333333296,40.0,21.075,38.54265302102774
2026-01-16 18:35:30,30.0,0.0,21.533333333333296,39.933333333333294,21.0,38.55933006626004
2026-01-16 18:35:32,306.6667692590161,0.0,21.5,39.79,21.0,38.58051267431543
2026-01-16 18:35:35,200.0,0.0,21.5,39.69,20.9266666666667,38.7
2026-01-16 18:35:38,450.0,2.258065848073222,21.39,39.59,20.89,38.5
2026-01-16 18:35:40,400.0,1.8987366127179028,21.39,39.7966666666667,20.82333333333329,38.62060520375174
2026-01-16 18:35:43,740.0,0.0,21.39,43.366367105913014,20.79,38.29
2026-01-16 18:35:45,910.0,0.0,21.463333333333296,41.69333333333329,20.8566666666667,39.32169406359839
2026-01-16 18:35:48,336.83529383146737,10.0,21.6333333333333,45.1966666666667,20.9266666666667,39.28517819513573
2026-01-16 18:35:51,510.0,10.0,21.76,47.13,21.1333333333333,39.0633333333333
2026-01-16 18:35:53,190.0,0.0,21.945,45.3,21.29,39.53
2026-01-16 18:35:56,110.0,10.0,22.0,43.9966666666667,21.3566666666667,39.42392392165813
2026-01-16 18:35:59,100.0,0.0,22.06666666666669,43.1966666666667,21.605084823326415,39.56
2026-01-16 18:36:01,90.0,10.0,22.1,41.58873752957615,21.56666666666669,39.36
2026-01-16 18:36:04,95.0,10.0,22.1,41.89,21.6333333333333,39.1633333333333
2026-01-16 18:36:06,100.0,10.0,22.1333333333333,41.43,21.7,39.03
2026-01-16 18:36:09,110.0,10.0,22.146315839926043,40.70548514402628,21.7,38.668227800321915
2026-01-16 18:36:12,619.8301804663818,10.0,22.1,40.83333333333329,21.7,38.7225
2026-01-16 18:36:14,790.0,10.0,22.1666666666667,40.5,21.7,38.6266666666667
2026-01-16 18:36:17,380.0,10.0,22.334583522603737,40.69333333333329,21.7,38.59
2026-01-16 18:36:19,360.0,10.0,22.26,41.83333333333329,21.7,38.7925
2026-01-16 18:36:22,98.10126338728209,10.0,22.32333333333329,42.5633333333333,21.7,39.1333333333333
2026-01-16 18:36:25,100.0,10.0,22.75363641074366,47.76333333333329,21.73,39.6333333333333
2026-01-16 18:36:27,100.0,10.0,22.73,46.86,21.79,40.36
2026-01-16 18:36:30,90.0,18.860760310848637,22.79,45.5266666666667,21.82333333333329,41.1566666666667
2026-01-16 18:36:33,117.11865604707069,20.0,22.79,44.83333333333329,21.89,40.9566666666667
2026-01-16 18:36:35,110.0,10.0,22.73,44.1,21.79,40.46
2026-01-16 18:36:38,140.0,30.0,22.7,43.2966666666667,21.79,40.1266666666667
2026-01-16 18:36:40,110.0,20.0,22.7,42.98088878367923,21.7,40.19333333333329
2026-01-16 18:36:43,100.0,20.0,22.7,43.0666666666667,21.7,40.6
2026-01-16 18:36:46,110.0,20.0,22.7,43.07,21.7,41.0
2026-01-16 18:36:48,130.0,20.0,22.7,42.6333333333333,21.744999999999997,41.0
2026-01-16 18:36:51,140.0,30.0,22.73,41.93,21.79,40.73
2026-01-16 18:36:54,130.0,20.0,22.79,41.79,21.87494624273327,40.93
2026-01-16 18:36:56,120.0,3.005465340856474,22.79,41.426848738684434,21.873122376381975,39.70997803770893
2026-01-16 18:36:59,68.18179462816904,2.424246556459179,22.79,41.46565634499594,21.8566666666667,39.71131190878856
2026-01-16 18:37:01,80.0,0.0,22.79,41.56,21.89,39.716630552681146
2026-01-16 18:37:04,50.0,10.0,22.79,41.5,21.89,39.716029127719565
2026-01-16 18:37:07,50.0,0.0,22.9266666666667,41.033333333333296,22.23229180296842,39.72474742185505
2026-01-16 18:37:09,50.0,0.0,23.06666666666669,40.4266666666667,22.175,39.75
2026-01-16 18:37:12,40.0,0.0,23.2,40.1633333333333,22.26,39.7
2026-01-16 18:37:15,47.49999312501358,0.0,23.41208339406238,40.03559317345604,22.530226120961,39.6633333333333
2026-01-16 18:37:17,50.0,0.0,23.39,40.06,22.463333333333296,39.6633333333333
2026-01-16 18:37:20,50.0,0.0,23.39,40.0,22.6,39.6633333333333
2026-01-16 18:37:22,32.00000244443965,0.0,23.587190719824783,40.0,22.6666666666667,39.55462064184076
2026-01-16 18:37:25,30.0,0.0,23.56666666666669,39.933333333333294,22.7,39.59
2026-01-16 18:37:28,30.0,0.0,23.643137273471726,39.699195318866614,22.7,39.49494948255283
2026-01-16 18:37:30,40.0,0.0,23.621568636735866,39.73,22.73,39.5
2026-01-16 18:37:33,40.0,0.0,23.6,39.58845927826675,22.79,39.5
2026-01-16 18:37:36,50.0,0.0,23.6666666666667,39.6633333333333,22.79,39.4666666666667
2026-01-16 18:37:38,60.0,0.0,23.7,39.59,22.79,39.4
2026-01-16 18:37:41,50.0,0.0,23.7,39.219607825570954,22.79,39.4
2026-01-16 18:37:43,60.0,0.0,23.7,39.239803912785476,22.79,39.3266666666667
2026-01-16 18:37:46,50.0,0.0,23.79,39.26,22.79,39.29
2026-01-16 18:37:49,49.99999999999999,0.0,23.71411764062285,39.2,22.764428062204615,39.117324838190896
2026-01-16 18:37:51,50.0,0.0,23.715999986222254,39.1633333333333,22.79,39.117953791533544
2026-01-16 18:37:54,50.0,0.0,23.73,39.09,22.63291136610722,39.11970463242006
2026-01-16 18:37:57,50.0,0.0,23.7,39.09,22.650749910975218,39.1266666666667
2026-01-16 18:37:59,50.0,0.0,23.7,39.03,22.655641944026524,39.1266666666667
2026-01-16 18:38:02,60.0,0.0,23.620201994031277,39.09,22.7,39.09
2026-01-16 18:38:04,50.0,0.0,23.6333333333333,39.058000027555494,22.534736812488504,39.047999958666765
2026-01-16 18:38:07,50.0,0.0,23.6,39.03,22.548551652211007,39.09
2026-01-16 18:38:10,50.0,0.0,23.6,39.09,22.6,39.0
2026-01-16 18:38:12,50.0,0.0,23.5,39.09,22.55,39.0
2026-01-16 18:38:15,40.0,0.0,23.350759458527012,39.09,22.5,39.09
2026-01-16 18:38:18,50.0,0.0,23.39,39.40544562925828,22.4266666666667,39.03
2026-01-16 18:38:20,40.0,0.0,23.32333333333329,39.363333333333294,22.280675065197954,39.0643689392214
2026-01-16 18:38:23,38.74999906250867,0.0,23.29,39.5,22.32333333333329,39.06
2026-01-16 18:38:25,40.0,0.0,23.23,39.43487575464297,22.26,39.06
2026-01-16 18:38:28,30.0,0.0,23.18166666666665,39.43410454398813,22.2,39.075
2026-01-16 18:38:31,48.48484476584885,0.0,23.1333333333333,39.433333333333294,22.1666666666667,39.09
2026-01-16 18:38:33,50.0,0.0,23.1,39.43809308664997,21.944938188873785,39.09
2026-01-16 18:38:36,50.0,0.0,23.0,39.4,22.0,39.09856288476937
2026-01-16 18:38:39,40.0,0.0,22.9266666666667,39.53000001354837,21.9266666666667,39.09
2026-01-16 18:38:41,50.0,0.0,22.874999999999996,39.51500000677419,21.858306692416676,39.10833333333335
2026-01-16 18:38:44,60.0,0.0,22.82333333333329,39.5,21.68235293157441,39.1266666666667
2026-01-16 18:38:46,50.0,0.0,22.79,39.53,21.684999981666703,39.130333370407314
2026-01-16 18:38:49,50.0,0.0,22.73,39.59,21.7,39.09
2026-01-16 18:38:52,50.0,0.0,22.483741448182784,39.5,21.7,39.2
2026-01-16 18:38:54,50.0,0.0,22.49721829694669,39.5,21.625,39.145
2026-01-16 18:38:57,40.0,0.0,22.56666666666669,39.5,21.533333333333296,39.1725
2026-01-16 18:38:59,50.0,0.0,22.38333332518521,39.5,21.5,39.2
2026-01-16 18:39:02,50.0,0.0,22.39,39.4,21.4266666666667,39.2
2026-01-16 18:39:05,50.0,0.0,22.39,39.4,21.39,39.27012738764655
2026-01-16 18:39:07,60.0,0.0,22.3566666666667,39.75076918796853,21.271999978000043,39.270396037633574
2026-01-16 18:39:10,50.0,0.0,22.29,39.79,21.29,39.28019801881679
2026-01-16 18:39:13,40.0,0.0,22.2,39.7,21.29,39.29
2026-01-16 18:39:15,50.0,0.0,22.2,39.69303796575336,21.2,39.23
2026-01-16 18:39:18,50.0,0.0,22.1666666666667,39.7,21.2,39.29
2026-01-16 18:39:20,50.0,4.666671259248576,22.020888840345805,39.7,21.1,39.4
2026-01-16 18:39:23,47.75510120262458,0.0,22.06666666666669,39.6633333333333,20.964936229493283,39.4
2026-01-16 18:39:26,48.86334329111902,10.0,22.0,39.6175,20.98246811474664,39.3266666666667
2026-01-16 18:39:28,48.46153602893205,10.0,21.9266666666667,39.9,21.0,39.4
2026-01-16 18:39:31,50.0,10.0,21.860886046199933,40.223333333333294,20.963333333333296,39.4
2026-01-16 18:39:34,50.0,10.0,21.89,40.2966666666667,20.89,39.4666666666667
2026-01-16 18:39:36,44.93671291458716,10.000000000000002,21.8566666666667,40.363333333333294,20.89,33.91247221082074
2026-01-16 18:39:39,40.0,10.000000000000002,21.79,40.09666666666671,20.82333333333329,33.77753692172832
2026-01-16 18:39:41,50.0,10.0,21.6333333333333,36.66666666666671,20.29666666666669,33.69052305416649
2026-01-16 18:39:44,50.0,10.0,21.36,34.4,19.63,33.29
2026-01-16 18:39:47,150.0,10.0,20.95666658030329,33.4333333333333,19.15,34.79004249887579
2026-01-16 18:39:49,389.3333336296307,10.0,21.0,33.56,19.32333333333329,34.781108966331026
2026-01-16 18:39:52,390.0,10.0,20.89,33.86,19.53,34.75468368575414
2026-01-16 18:39:55,380.0,10.0,20.89,34.1933333333333,19.66,34.618
2026-01-16 18:39:57,400.0,10.0,20.79,34.6666666666667,19.7,34.7666666666667
2026-01-16 18:40:00,50.0000047058755,10.0,20.79,35.1933333333333,19.826868765243137,35.1
2026-01-16 18:40:02,48.66667614812788,10.0,20.76,35.9266666666667,19.79,35.4633333333333
2026-01-16 18:40:05,40.0,10.0,20.76,36.4,19.8566666666667,35.7966666666667
2026-01-16 18:40:08,50.0,0.0,20.79,36.69333333333329,19.9266666666667,36.90819246055621
2026-01-16 18:40:10,70.0,10.0,20.84,37.0266666666667,19.979999999999997,36.723333333333294
2026-01-16 18:40:13,60.0,10.0,20.89,37.36,20.033333333333296,37.0666666666667
2026-01-16 18:40:15,68.00000977775862,10.0,20.89,37.9511112661725,20.1,37.33333333333329
2026-01-16 18:40:18,60.0,10.0,20.89,37.8,20.23537935815924,37.86548541744332
2026-01-16 18:40:21,60.0,20.0,20.91555561161602,38.0666666666667,20.2,37.6333333333333
2026-01-16 18:40:23,100.0,0.0,20.89,38.2,20.244999999999997,38.1266666666667
2026-01-16 18:40:26,380.0,10.0,20.9266666666667,38.29,20.29,38.0666666666667
2026-01-16 18:40:29,390.0,10.0,21.0,38.363333333333294,20.29,38.09
2026-01-16 18:40:31,56.994534659143525,10.0,20.9679746508199,38.574810138743764,20.3566666666667,38.09
2026-01-16 18:40:34,57.57575344354082,0.0,21.0,38.56,20.39,38.23
2026-01-16 18:40:36,60.0,10.0,20.963333333333296,38.59,20.39,38.363333333333294
2026-01-16 18:40:39,50.0,10.0,20.89,38.59,20.39,38.35
2026-01-16 18:40:42,60.0,10.0,20.89,38.5266666666667,20.29,38.0666666666667
2026-01-16 18:40:44,165.33325985202276,10.0,20.89,38.4,20.29,38.15
2026-01-16 18:40:47,240.0,0.0,20.89,38.5,20.521202597871433,37.9983333333333
2026-01-16 18:40:50,80.0,10.0,20.89,38.893333333333295,20.445,37.95
2026-01-16 18:40:52,80.0,1.8987366127179028,21.0,39.79,20.5833333333333,37.9777777777778
2026-01-16 18:40:55,400.0,0.0,21.06835449527305,39.99,20.625,38.0
2026-01-16 18:40:57,332.6665432595499,0.0,21.146666712592484,39.5266666666667,20.710625,38.0675
2026-01-16 18:41:00,460.0,10.0,21.1,39.05826421814057,20.79,38.027310328032435
2026-01-16 18:41:03,170.0,0.0,21.2,39.1633333333333,20.85875,38.039375
2026-01-16 18:41:05,210.0,0.0,21.2,38.873333210741016,20.992296357250904,38.01153845927023
2026-01-16 18:41:08,190.0,0.0,21.29,38.995,20.9327777777778,38.015
2026-01-16 18:41:11,135.0,0.0,21.32333333333329,38.76,21.03888888888889,38.0
2026-01-16 18:41:13,80.0,0.0,21.39,38.7,21.088888888888896,38.003670867409106
2026-01-16 18:41:16,60.0,10.0,21.5,38.79,21.1111111111111,38.02
2026-01-16 18:41:18,70.0,0.0,21.5,38.92877586367584,21.1722222222222,38.01
2026-01-16 18:41:21,60.0,0.0,21.5,38.94178500260391,21.2,37.95
2026-01-16 18:41:24,70.0,0.0,21.5,39.000892501301955,21.275,37.9444444444444
2026-01-16 18:41:26,60.0,0.0,21.6,39.06,21.29,37.48356435206842
2026-01-16 18:41:29,60.0,0.0,21.6666666666667,38.933333333333294,21.29,37.48607593361644
2026-01-16 18:41:32,58.30508092503134,1.6949190749686531,21.82728821512952,38.69333333333329,21.29,37.51
2026-01-16 18:41:34,60.0,0.0,21.79,38.36,21.3572222222222,37.4444444444444
2026-01-16 18:41:37,60.0,0.0,21.82333333333329,38.29,21.4877777777778,37.488888888888894
2026-01-16 18:41:39,50.0,10.0,21.963333333333296,38.29,21.561111111111096,37.4105555555556
2026-01-16 18:41:42,50.0,0.0,22.033333333333296,38.1266666666667,21.819022479188174,37.3572222222222
2026-01-16 18:41:45,60.0,0.0,22.233232393893278,38.2,21.8114815269359,37.308333333333294
2026-01-16 18:41:47,50.0,0.0,22.2,38.09,21.79,37.29
2026-01-16 18:41:50,50.0,0.0,22.26,38.09,21.83,37.29
2026-01-16 18:41:53,70.0,0.0,22.32333333333329,37.974583271770975,21.8677777777778,37.27
2026-01-16 18:41:55,50.0,0.0,22.32333333333329,38.0,21.8677777777778,37.215
2026-01-16 18:41:58,60.0,1.5151552341511396,22.32333333333329,37.9666666666667,21.870555563194447,37.2
2026-01-16 18:42:00,94.35897911460724,0.0,22.39,37.83136748649285,21.8677777777778,37.1511111111111
2026-01-16 18:42:03,90.0,0.0,22.39,37.863333333333294,21.8677777777778,37.1755555555556
2026-01-16 18:42:06,100.0,10.0,22.39,37.79,21.878888888888902,37.145
2026-01-16 18:42:08,96.68965004519292,0.0,22.39,37.79,21.89,37.1022222222222
2026-01-16 18:42:11,100.0,6.8899512785898,22.39,37.79,21.889999999999997,37.258515363682086
2026-01-16 18:42:14,96.94914837692151,7.499995625015468,22.39,37.79,21.89,37.22874514386971
2026-01-16 18:42:16,100.0,10.0,22.39,37.79,21.89,37.1986015836571
2026-01-16 18:42:19,80.0,0.0,22.39,37.79,21.89,37.09
2026-01-16 18:42:21,110.0,10.0,22.396068974917153,37.86,21.89,37.1541666666667
2026-01-16 18:42:24,260.0,10.0,22.39,38.66666666666671,21.926837270269232,38.37655730682594
2026-01-16 18:42:27,284.6874537696035,10.0,22.41555561161602,39.9566666666667,21.89,38.33656881918658
2026-01-16 18:42:29,297.99990490019974,10.0,22.39,42.03,22.0,38.28200038966583
2026-01-16 18:42:32,370.0,10.0,22.4266666666667,43.39,22.0,37.92
2026-01-16 18:42:35,235.0,10.0,22.5,45.6633333333333,22.0,38.395
2026-01-16 18:42:37,100.0,10.0,22.5,47.19333333333329,22.0,39.09666666666671
2026-01-16 18:42:40,247.55098314873948,20.0,22.56666666666669,46.86,22.0,39.43
2026-01-16 18:42:42,257.8619975221361,20.0,22.6,44.893333333333295,22.0,39.5266666666667
2026-01-16 18:42:45,310.0,30.0,22.6,43.893333333333295,22.0,39.19333333333329
2026-01-16 18:42:48,250.0,23.684203933531354,22.6,42.4966666666667,22.0,39.06
2026-01-16 18:42:50,190.0,17.724135181932436,22.684413911433786,41.7566666666667,22.0,39.0
2026-01-16 18:42:53,160.0,20.0,22.6,41.05,22.0,38.933333333333294
2026-01-16 18:42:55,160.0,14.666671259248576,22.835333410962782,40.863333333333294,22.0,39.1333333333333
2026-01-16 18:42:58,480.0,10.0,22.76,40.28191247913653,22.1,39.5
2026-01-16 18:43:01,280.0,20.0,22.89,40.32939365427072,22.1975,39.5225
2026-01-16 18:43:03,130.0,20.0,22.963333333333296,40.463333333333296,22.29,39.59
2026-01-16 18:43:06,135.06328708541284,20.0,23.033333333333296,40.223333333333294,22.4158823670242,38.95721866844297
2026-01-16 18:43:09,140.0,20.0,23.1,39.963333333333296,22.408644109824653,38.96365588360048
2026-01-16 18:43:11,130.0,18.543686926198106,23.199999999999996,39.723333333333294,22.39,38.972151838962915
2026-01-16 18:43:14,130.0,20.0,23.2,39.53,22.39,39.03
2026-01-16 18:43:16,340.0,20.0,23.2,39.33333333333329,22.5,38.9666666666667
2026-01-16 18:43:19,285.0,15.0,23.2,39.196666666666644,22.4266666666667,38.8266666666667
2026-01-16 18:43:22,230.0,10.0,23.223636410743662,39.06,22.446896507253356,38.76
2026-01-16 18:43:24,360.0,7.333331185191078,23.2,38.933333333333294,22.463333333333296,38.76
2026-01-16 18:43:27,410.0,10.0,23.26,39.0,22.410027995979622,38.210248828075926
2026-01-16 18:43:30,78.30508092503135,0.0,23.26,39.19333333333329,22.4266666666667,38.1566666666667
2026-01-16 18:43:32,80.0,10.0,23.199999999999996,39.44219416284231,22.39,38.31966394628429
2026-01-16 18:43:35,80.0,10.0,23.2,39.363333333333294,22.377341755915207,38.26
2026-01-16 18:43:37,70.0,10.0,23.2,39.5,22.351196534085844,38.3266666666667
2026-01-16 18:43:40,70.0,10.0,23.2,39.56,22.39,38.61364301029885
2026-01-16 18:43:43,70.0,0.0,23.1,39.6266666666667,22.32333333333329,38.600707151836296
2026-01-16 18:43:45,60.0,10.0,23.1,39.81866673392579,22.221999960222313,38.56
2026-01-16 18:43:48,60.0,10.0,23.1,39.76,22.26,38.6633333333333
2026-01-16 18:43:51,50.0,10.0,23.0,39.8,22.2,38.6633333333333
2026-01-16 18:43:53,38.66665503706319,0.0,23.0,40.0,22.15,38.79
2026-01-16 18:43:56,50.0,0.0,22.89,40.1266666666667,22.1,38.933333333333294
2026-01-16 18:43:59,30.0,0.0,22.772115337463124,40.2,22.033333333333296,39.18598881621149
2026-01-16 18:44:01,20.0,0.0,22.79,40.21312650407595,21.882714020932262,39.1266666666667
2026-01-16 18:44:04,40.0,0.0,22.775,40.1633333333333,21.88635701046613,39.26
2026-01-16 18:44:06,53.267327061071725,0.0,22.76,40.29,21.89,39.29
2026-01-16 18:44:09,53.03797630186926,0.0,22.7,40.29,21.89,39.363333333333294
2026-01-16 18:44:12,50.0,0.0,22.6666666666667,40.29,21.8566666666667,39.4
2026-01-16 18:44:14,60.0,0.0,22.6,40.29,21.79,39.552000020222174
2026-01-16 18:44:17,50.0,0.0,22.53999991865688,40.29,21.64179096602822,39.53
2026-01-16 18:44:20,60.0,0.0,22.6,40.29,21.7,39.59
2026-01-16 18:44:22,50.0,0.0,22.55,40.29,21.65,39.56
2026-01-16 18:44:25,40.0,0.0,22.5,40.29,21.6,39.56
2026-01-16 18:44:27,50.0,0.0,22.39,40.2,21.5,39.59
2026-01-16 18:44:30,50.0,0.0,22.39,40.2,21.5,39.54177214218878
2026-01-16 18:44:33,50.0,0.0,22.3566666666667,40.2,21.463333333333296,39.56
2026-01-16 18:44:35,50.0,0.0,22.29,40.2,21.39,39.5
2026-01-16 18:44:38,40.0,0.0,22.244999999999997,40.145,21.3566666666667,39.56
2026-01-16 18:44:40,30.0,0.0,22.2,40.09,21.20564354457041,39.58365384092704
2026-01-16 18:44:43,30.0,0.0,22.2,40.09,21.215189821699354,39.59
2026-01-16 18:44:46,40.0,0.0,22.076767625803633,40.09,21.2675,39.5675
2026-01-16 18:44:48,50.0,0.0,22.1,40.09,21.2,39.57005984952855
2026-01-16 18:44:51,50.0,0.0,22.06666666666669,40.06,21.1,39.59
2026-01-16 18:44:54,50.0,0.0,22.0,40.0,21.1,39.575
2026-01-16 18:44:56,50.0,0.0,21.963333333333296,40.0,21.06666666666669,39.56
2026-01-16 18:44:59,60.0,0.0,21.87484844765849,39.98749996562507,21.0,39.50454546570245
2026-01-16 18:45:01,50.0,0.0,21.89,40.0,21.0,39.5
2026-01-16 18:45:04,49.99999999999999,0.0,21.89,40.0,20.87101263387282,39.5
2026-01-16 18:45:07,50.0,0.0,21.79,39.95,20.89,39.53
2026-01-16 18:45:09,50.0,0.0,21.79,39.9,20.89,39.59
2026-01-16 18:45:12,50.0,0.0,21.76,39.9,20.79,39.5
2026-01-16 18:45:15,50.0,0.0,21.7,39.9,20.79,39.5
2026-01-16 18:45:17,50.0,0.0,21.7,39.9,20.79,39.5
2026-01-16 18:45:20,33.030310468302275,0.0,21.6333333333333,39.90755430178397,20.73,39.5
2026-01-16 18:45:22,30.0,0.0,21.6,39.90377715089198,20.715,39.50947370747917
2026-01-16 18:45:25,30.0,0.0,21.456140328422773,39.9,20.7,39.53531648732568
2026-01-16 18:45:28,50.0,0.0,21.467916596771033,39.9156862673587,20.6666666666667,39.5
2026-01-16 18:45:30,49.33334251849715,0.0,21.5,39.91777776246914,20.6,39.56
2026-01-16 18:45:33,40.0,0.0,21.4266666666667,39.933333333333294,20.6,39.59
2026-01-16 18:45:36,60.0,0.0,21.408333333333353,39.9,20.575,39.645
2026-01-16 18:45:38,60.0,4.107651860616154,21.39,39.9,20.464936229493283,39.7
2026-01-16 18:45:41,50.0,2.6136442794265693,21.3566666666667,39.933333333333294,20.47444438838398,39.7
2026-01-16 18:45:43,50.0,0.0,21.29,39.996666625926004,20.5,39.76
2026-01-16 18:45:46,50.0,10.0,21.29,40.03,20.463333333333296,39.76
2026-01-16 18:45:49,390.0,10.0,21.23,40.03,20.39,39.7
2026-01-16 18:45:51,390.0,10.0,21.2,39.863333333333294,20.3566666666667,39.56
2026-01-16 18:45:54,361.51895080923146,10.0,21.217088629514457,39.79,20.35898738110604,39.5
2026-01-16 18:45:57,390.0,10.0,21.2,39.963333333333296,20.315,39.55
2026-01-16 18:45:59,390.0,10.0,21.2,40.223333333333294,20.39,40.17476802710016
2026-01-16 18:46:02,240.0,10.0,21.29,42.11157897656139,20.4266666666667,40.0666666666667
2026-01-16 18:46:04,40.0,10.0,21.3566666666667,42.10439805408536,20.56666666666669,40.26
2026-01-16 18:46:07,70.0,10.0,21.5,42.092100334131686,20.6333333333333,40.3266666666667
2026-01-16 18:46:10,50.0,0.0,21.5,42.02327724094477,20.7,40.4666666666667
2026-01-16 18:46:12,50.0,0.0,21.5,41.8,20.79,40.59
2026-01-16 18:46:15,70.0,0.0,21.56666666666669,42.5266666666667,20.8566666666667,40.723333333333294
2026-01-16 18:46:17,60.0,0.0,21.6333333333333,42.1,20.9266666666667,40.79
2026-01-16 18:46:20,70.0,0.0,21.7,40.907721453744216,21.0,40.53
2026-01-16 18:46:23,60.0,0.0,21.745,40.995,21.033333333333296,40.4
2026-01-16 18:46:25,50.0,0.0,21.79,40.79,21.1,40.4
2026-01-16 18:46:28,60.0,0.0,21.8566666666667,40.863333333333294,21.15,40.4
2026-01-16 18:46:31,60.0,0.0,21.89,40.85124307093712,21.2,40.4
2026-01-16 18:46:33,82.15188495436922,0.0,21.89,40.79,21.26,40.4666666666667
2026-01-16 18:46:36,100.0,0.0,21.89,40.8266666666667,21.369798005968722,40.4666666666667
2026-01-16 18:46:38,60.0,0.0,21.963333333333296,41.1,21.3566666666667,40.4
2026-01-16 18:46:41,70.0,0.0,22.029113953800067,41.028567165125416,21.39,40.3266666666667
2026-01-16 18:46:44,60.0,0.0,22.0,41.028235295363324,21.39,40.4666666666667
2026-01-16 18:46:46,60.0,0.0,22.033333333333296,41.02800000088889,21.5,40.56
2026-01-16 18:46:49,50.0,0.0,22.1,41.03,21.5,40.5
2026-01-16 18:46:52,50.0,0.0,22.1,41.0,21.5,40.5
2026-01-16 18:46:54,40.0,0.0,22.1666666666667,41.06,21.5,40.433333333333294
2026-01-16 18:46:57,50.0,0.0,22.2,41.09,21.6,40.477011521799405
2026-01-16 18:46:59,64.0000048888793,0.0,22.2,41.1633333333333,21.533333333333296,40.4666666666667
2026-01-16 18:47:02,60.0,0.0,22.1666666666667,41.23,21.57088604619993,40.5
2026-01-16 18:47:05,60.0,0.0,22.13333333333335,41.29,21.6,40.5
2026-01-16 18:47:07,80.0,0.0,22.1,41.29,21.56666666666669,40.5
2026-01-16 18:47:10,90.0,0.0,22.1,39.70490183614784,21.5,40.5
2026-01-16 18:47:13,90.00000000000001,0.0,22.1,39.77912380585237,21.5,40.53
2026-01-16 18:47:15,90.0,0.0,22.075,40.045,21.3,38.9233333333333
2026-01-16 18:47:18,90.0,0.0,22.0,39.223333333333294,21.20126574170826,37.95
2026-01-16 18:47:20,85.06578736582668,0.0,22.0,39.6266666666667,21.1,38.1566666666667
2026-01-16 18:47:23,86.06896020452889,0.0,21.92713077195967,39.5666666666667,21.1,38.363333333333294
2026-01-16 18:47:26,90.0,0.0,21.963333333333296,39.56,21.1,38.5
2026-01-16 18:47:28,81.53846397106794,0.0,21.89,39.433333333333294,21.077003473163458,38.5
2026-01-16 18:47:31,80.0,0.0,21.89,39.53,21.08850173658173,38.59
2026-01-16 18:47:34,80.0,0.0,21.89,39.49435026975011,21.1,38.74771816842473
2026-01-16 18:47:36,75.93101579551912,1.6551749774035407,21.89,39.5,21.04805820198584,38.73
2026-01-16 18:47:39,90.0,0.0,21.89,39.5,21.1,38.75384168288824
2026-01-16 18:47:41,56.666673703688225,4.666671259248576,21.89,39.4666666666667,21.0,38.79
2026-01-16 18:47:44,50.0,0.0,21.89,39.261343384616545,20.94940926484004,38.590188702941376
2026-01-16 18:47:47,60.0,10.0,21.89,39.33067169230827,20.963333333333296,38.69009435147069
2026-01-16 18:47:49,70.0,10.0,21.89,39.4,20.963333333333296,38.79
2026-01-16 18:47:52,80.0,10.0,21.89,39.06970458347501,20.89,38.28568624206463
2026-01-16 18:47:55,70.0,10.0,21.73559317345605,39.1266666666667,20.784915242775092,38.30401118378851
2026-01-16 18:47:57,370.0,10.0,21.76,39.06,20.79,38.363333333333294
2026-01-16 18:48:00,181.51501432547343,20.0,21.7,38.933333333333294,20.79,38.23
2026-01-16 18:48:02,250.0,10.0,21.7,38.93,20.76,38.2
2026-01-16 18:48:05,80.0,7.377052781505201,21.59976735872377,38.79,20.7,38.2
2026-01-16 18:48:08,70.0,5.454557024761458,21.65,38.69,20.684848447658485,38.1633333333333
2026-01-16 18:48:10,75.6435657337497,0.0,21.484695643468196,38.40586812205555,20.7,38.0675
2026-01-16 18:48:13,74.93671291458718,10.0,21.48842103475534,38.5,20.7,37.933333333333294
2026-01-16 18:48:16,70.0,20.0,21.5,38.413333333333355,20.6,37.815023382530136
2026-01-16 18:48:18,80.0,20.0,21.5,38.3266666666667,20.6,37.6791138972601
2026-01-16 18:48:21,80.0,20.0,21.415287326020707,38.197676923186016,20.56666666666669,37.7
2026-01-16 18:48:23,150.0,20.0,21.4266666666667,38.1266666666667,20.5,37.7
2026-01-16 18:48:26,380.0,30.0,21.377341755915204,38.23,20.427130771959675,37.59
2026-01-16 18:48:29,290.0,30.0,21.39,38.43,20.463333333333296,37.59
2026-01-16 18:48:31,270.0,30.0,21.39,38.56,20.39,37.59
2026-01-16 18:48:34,420.0,30.0,21.32333333333329,38.712239085519606,20.39,37.59
2026-01-16 18:48:37,306.77966952021194,20.0,21.29,38.5,20.463333333333296,37.7
2026-01-16 18:48:39,300.0,20.0,21.29,39.378987814227614,20.463333333333296,37.76
2026-01-16 18:48:42,350.0,30.0,21.4266666666667,39.0,20.533333333333296,37.76
2026-01-16 18:48:44,270.0,20.0,21.870000148888554,39.06,20.679,37.745
2026-01-16 18:48:47,560.0,20.0,21.73,40.9,20.79,37.79
2026-01-16 18:48:50,1080.0,30.0,21.93,42.7666666666667,21.04,38.08
2026-01-16 18:48:52,750.0,20.0,22.16333333333329,42.60029482580901,21.2864285714286,39.19605341193031
2026-01-16 18:48:55,390.0,10.0,22.496666666666705,43.19333333333329,21.86572405487408,39.20506729043476
2026-01-16 18:48:57,350.0,10.0,22.893333333333292,42.19333333333329,21.7927777777778,39.225
2026-01-16 18:49:00,340.0,10.0,23.175,41.67,21.9572222222222,39.228888888888896
2026-01-16 18:49:03,290.0,20.0,23.2325,40.95075886274782,22.01111111111109,39.0872222222222
2026-01-16 18:49:05,230.0,40.0,23.29,40.14846125483291,22.09375,38.9425
2026-01-16 18:49:08,120.0,30.0,23.29,40.39,22.1,38.6266666666667
2026-01-16 18:49:11,110.0,40.0,23.29,39.93,22.1,38.4666666666667
2026-01-16 18:49:13,121.77216244189222,40.0,23.29,39.39956048768998,22.1,38.24805821493081
2026-01-16 18:49:16,110.0,40.0,23.29,39.6633333333333,22.15,38.29
2026-01-16 18:49:18,130.0,40.0,23.29,38.94958775471581,22.1,38.2
2026-01-16 18:49:21,140.0,30.0,23.29,39.1266666666667,22.1,38.19477847431503
2026-01-16 18:49:24,110.0,22.424246556459178,23.289999999999996,38.639080295125225,22.166666658333344,38.2
2026-01-16 18:49:26,100.0,20.0,23.29,38.7,22.1666666666667,38.2
2026-01-16 18:49:29,220.61230309029017,30.0,23.29,38.484177146792845,22.2,38.1725
2026-01-16 18:49:32,165.3061515451451,20.0,23.29,38.56,22.15,38.03
2026-01-16 18:49:34,110.0,20.0,23.23,38.433333333333294,22.1,37.9666666666667
2026-01-16 18:49:37,344.9997712506159,20.0,23.26,38.363333333333294,22.08502278463135,37.9
2026-01-16 18:49:39,450.0,20.0,23.2,38.29,22.1,37.78624999322918
2026-01-16 18:49:42,210.0,20.0,23.1666666666667,38.1633333333333,22.03311367348554,37.79
2026-01-16 18:49:45,150.0,20.0,23.1,38.09,22.1,37.79
2026-01-16 18:49:47,90.0,20.0,23.06666666666669,38.52498876716077,21.910367742332273,37.809511600646935
2026-01-16 18:49:50,90.0,20.0,23.0,38.33333333333329,21.963333333333296,37.79600006329991
2026-01-16 18:49:53,80.0,20.0,22.89,38.819265592750945,21.824463213281835,37.76
2026-01-16 18:49:55,64.17474770479242,20.0,22.8566666666667,38.79,21.8566666666667,37.867190777215555
2026-01-16 18:49:58,70.0,10.0,22.73103432574353,38.863333333333294,21.79,37.79
2026-01-16 18:50:00,70.0,10.0,22.79,38.86,21.76,37.870000204300595
2026-01-16 18:50:03,29.999999999999996,0.0,22.581012633872824,39.19333333333329,21.7,38.04241867485548
2026-01-16 18:50:06,30.0,0.0,22.6,39.23,21.6666666666667,38.0
2026-01-16 18:50:08,30.0,0.0,22.6,39.32911107743215,21.6,38.16075364257846
2026-01-16 18:50:11,30.0,0.0,22.5,39.363333333333294,21.533333333333296,38.15245618016617
2026-01-16 18:50:14,52.37288534902356,0.0,22.4266666666667,39.29,21.5,38.1266666666667
2026-01-16 18:50:16,50.0,0.0,22.39,39.29,21.4266666666667,38.1266666666667
2026-01-16 18:50:19,60.0,0.0,22.261818123553883,39.363333333333294,21.3566666666667,38.29
2026-01-16 18:50:21,50.0,0.0,22.29,39.433333333333294,21.29,38.29
2026-01-16 18:50:24,50.0,0.0,22.23,39.5,21.29,38.29
2026-01-16 18:50:27,52.54777140249034,0.0,22.2,39.5,21.29,38.29
2026-01-16 18:50:29,52.37623867267798,0.0,22.1333333333333,39.56,21.2,38.29
2026-01-16 18:50:32,51.188119336338985,0.0,22.06666666666665,39.6633333333333,21.1333333333333,38.33432841628414
2026-01-16 18:50:35,50.0,0.0,22.0,39.6633333333333,21.1,38.42258065848073
2026-01-16 18:50:37,50.0,0.0,22.0,39.7,21.1,38.418987366127176
2026-01-16 18:50:40,60.0,0.0,21.9266666666667,39.7,21.0,38.4
2026-01-16 18:50:42,54.280927005307326,0.0,21.89,39.73,20.929111077432154,38.4
2026-01-16 18:50:45,60.0,0.0,21.84,39.7675,20.963333333333296,38.5
2026-01-16 18:50:48,40.59702270437861,0.0,21.79,39.7,20.89,38.56
2026-01-16 18:50:50,38.511641877748055,0.0,21.76,39.8071111279506,20.89,38.6266666666667
2026-01-16 18:50:53,30.0,0.0,21.660759458527014,39.79,20.82333333333329,38.6266666666667
2026-01-16 18:50:56,56.774193028097,0.0,21.7,39.8266666666667,20.79,38.7
2026-01-16 18:50:58,56.962023698130736,0.0,21.6333333333333,39.8266666666667,20.79,38.7
2026-01-16 18:51:01,60.0,0.0,21.6,39.8266666666667,20.7,38.79
2026-01-16 18:51:03,50.0,0.0,21.6,39.9,20.7,38.8266666666667
2026-01-16 18:51:06,60.0,0.0,21.383696956736944,40.0,20.7,38.914563130738024
2026-01-16 18:51:09,50.0,0.0,21.389047594421815,40.0,20.6666666666667,38.9
2026-01-16 18:51:11,49.33333362963073,0.0,21.395701104309257,40.03,20.6,38.9
2026-01-16 18:51:14,50.0,0.0,21.4266666666667,40.03,20.56666666666665,38.95
2026-01-16 18:51:17,40.0,0.0,21.3484157468682,40.0,20.533333333333296,39.0
2026-01-16 18:51:19,60.0,0.0,21.39,40.06,20.5,39.10810128068684
2026-01-16 18:51:22,50.0,0.0,21.29,40.13333341969672,20.39548642510553,39.09
2026-01-16 18:51:24,60.0,0.0,21.21306930279875,40.09,20.400427316772667,39.1266666666667
2026-01-16 18:51:27,50.0,0.0,21.21518986125624,40.2,20.4266666666667,39.1266666666667
2026-01-16 18:51:30,50.0,0.0,21.23,40.2,20.39,39.09
2026-01-16 18:51:32,40.0,0.0,21.2,40.2,20.318478956420623,39.1633333333333
2026-01-16 18:51:35,50.0,0.0,21.2,40.2,20.32333333333329,39.2
2026-01-16 18:51:37,50.0,0.0,21.079999975555605,40.29,20.32333333333329,39.2
2026-01-16 18:51:40,30.0,0.0,21.1,40.340190145588295,20.263797441579932,39.23
2026-01-16 18:51:43,40.0,0.0,21.1,40.32413802193796,20.29,39.29
2026-01-16 18:51:45,30.0,0.0,21.0,40.29,20.26,39.26
2026-01-16 18:51:48,50.0,0.0,21.0,40.41260506475529,20.2,39.26
2026-01-16 18:51:51,50.0,0.0,21.0,40.4,20.2,39.345
2026-01-16 18:51:53,100.97095758306628,0.0,21.0,40.4,20.1666666666667,39.4
2026-01-16 18:51:56,50.0,0.0,20.963333333333296,40.507058827370244,20.1666666666667,39.4
2026-01-16 18:51:58,50.0,0.0,20.89,40.50600000733332,20.1,39.4
2026-01-16 18:52:01,225.0,0.0,20.89,40.5,20.1,39.4666666666667
2026-01-16 18:52:04,400.0,0.0,20.79,40.5,20.1,39.5
2026-01-16 18:52:06,377.17949425814646,10.0,20.79,40.53,20.0,39.433333333333294
2026-01-16 18:52:09,370.0,10.0,20.79,40.723333333333294,20.0,39.433333333333294
2026-01-16 18:52:12,390.0,10.0,20.79,40.933333333333294,20.0,39.56
2026-01-16 18:52:14,385.0,10.0,20.79,41.1333333333333,20.0,39.59
2026-01-16 18:52:17,380.0,10.0,20.79,41.2,20.020408177842548,40.09
2026-01-16 18:52:19,100.0,10.0,20.79,41.2,20.016551749774038,40.09
2026-01-16 18:52:22,90.0,20.0,20.79,41.26,20.0,40.09000000000001
2026-01-16 18:52:25,470.0,10.0,20.79,41.26,20.049495052800452,40.09
2026-01-16 18:52:27,320.0,5.0,20.79,41.645,20.0,40.09
2026-01-16 18:52:30,290.7595399614682,0.0,20.82333333333329,42.1266666666667,20.1,39.98443028078856
2026-01-16 18:52:33,260.0,0.0,21.08817207658683,42.4,20.1666666666667,40.09
2026-01-16 18:52:35,230.0,0.0,21.078481082945938,42.39,20.2,39.93
2026-01-16 18:52:38,470.0,10.0,21.0,42.59,20.26,39.79
2026-01-16 18:52:40,95.06578736582668,0.0,21.1333333333333,42.533333333333296,20.58244453780227,39.5
2026-01-16 18:52:43,97.53289368291334,0.0,21.2,42.33333333333329,20.5,39.2966666666667
2026-01-16 18:52:46,100.0,0.0,21.39,41.8,20.56666666666669,39.03
2026-01-16 18:52:48,91.53846397106794,0.0,21.463333333333296,40.6,20.82333333333329,38.167304269807296
2026-01-16 18:52:51,90.0,0.0,21.6333333333333,39.40149652555891,21.179122856657315,38.204210329307905
2026-01-16 18:52:54,90.0,0.0,21.790833468957985,39.439486959566636,21.1333333333333,38.4
2026-01-16 18:52:56,95.0,0.0,21.73,39.5266666666667,21.2,38.0666666666667
2026-01-16 18:52:59,100.0,0.0,21.8566666666667,39.24989896510565,21.327500078124775,37.720908861019915
2026-01-16 18:53:01,80.0,0.0,22.009333381777644,39.26,21.29,37.8266666666667
2026-01-16 18:53:04,180.0,0.0,21.963333333333296,39.26,21.39,37.6633333333333
2026-01-16 18:53:07,308.23532359857455,0.0,22.033333333333296,39.19333333333329,21.28833310208393,37.39
2026-01-16 18:53:09,300.0000577776595,0.0,22.1,38.8,21.39,36.86
2026-01-16 18:53:12,250.0,0.0,22.06666666666665,37.933333333333294,21.1966666666667,35.1333333333333
2026-01-16 18:53:15,280.0,0.0,22.033333333333296,37.4,21.046666853332816,34.4266666666667
2026-01-16 18:53:17,460.0,0.0,22.033333333333296,37.9266666666667,20.963333333333296,34.96
2026-01-16 18:53:20,120.0,0.0,22.1,38.260459753012356,21.1333333333333,35.5966666666667
2026-01-16 18:53:22,120.0,0.0,22.1,38.2666666666667,21.29,35.99
2026-01-16 18:53:25,110.0,0.0,22.079746824654194,38.245189861256236,21.29,36.3266666666667
2026-01-16 18:53:28,130.0,0.0,22.1,38.26,21.29,36.4666666666667
2026-01-16 18:53:30,110.0,0.0,22.033333333333296,38.23,21.283999992666683,36.59
2026-01-16 18:53:33,120.0,0.0,22.1,38.23,21.29,36.59
2026-01-16 18:53:36,120.0,0.0,22.1,38.06,21.29,36.59
2026-01-16 18:53:38,125.33332874075141,0.0,22.1,38.06,21.26,36.56
2026-01-16 18:53:41,130.0,0.0,22.050632870854127,38.1633333333333,21.18,36.575
2026-01-16 18:53:44,120.0,0.0,21.99083330812505,38.09,21.1,36.59
2026-01-16 18:53:46,120.0,0.0,22.0,38.23,21.1,36.6633333333333
2026-01-16 18:53:49,410.0,0.0,22.0,38.23,21.0,33.65817947645293
2026-01-16 18:53:51,420.0,0.0,21.876222152559823,37.0266666666667,20.20031088297334,34.79
2026-01-16 18:53:54,140.0,1.8987366127179028,21.9266666666667,34.9,20.416,32.39
2026-01-16 18:53:57,60.0,0.0,21.8566666666667,33.13,20.0966666666667,31.16
2026-01-16 18:53:59,60.0,0.0,21.7,32.4633333333333,19.7633333333333,31.26774180181282
2026-01-16 18:54:02,70.0,10.0,21.699999999999996,32.0233333333333,19.921632531639904,30.366666666666696
2026-01-16 18:54:04,80.0,0.0,21.7,32.6966666666667,19.8566666666667,32.80302988815267
2026-01-16 18:54:07,100.0,0.0,21.7,33.4266666666667,19.9842857142857,32.3271428571429
2026-01-16 18:54:10,80.0,0.0,21.7,33.96,20.08125,33.115
2026-01-16 18:54:12,80.0,0.0,21.7,34.245,20.1461538461538,33.545500000000004
2026-01-16 18:54:15,83.1100487214102,0.0,21.71880599404094,34.5666666666667,20.2,33.976
2026-01-16 18:54:18,82.50000437498453,0.0,21.7,35.176666920832716,20.29,34.5133333333333
2026-01-16 18:54:20,80.0,0.0,21.756582280932545,35.0666666666667,20.3185714285714,34.7257142857143
2026-01-16 18:54:23,90.0,0.0,21.76,35.26,20.39,34.9111111111111
2026-01-16 18:54:25,85.0,2.4509881199396077,21.73,35.41,20.39,35.0
2026-01-16 18:54:28,80.0,10.0,21.79,35.56,20.434,35.116
2026-01-16 18:54:31,80.0,10.0,21.68749996562506,35.6266666666667,20.351616130280156,35.3266666666667
2026-01-16 18:54:33,80.0,10.0,21.7,35.7,20.365,35.675
2026-01-16 18:54:36,80.0,10.0,21.7,35.59,20.3566666666667,35.9
2026-01-16 18:54:39,90.0,10.0,21.65,35.59,20.29,35.975
2026-01-16 18:54:41,130.0,10.0,21.6,35.73,20.23,35.7966666666667
2026-01-16 18:54:44,380.0,10.990102019404905,21.6,35.79,20.15,35.825
2026-01-16 18:54:46,800.0,10.0,21.5,40.832002313180105,20.1,36.07727272727271
2026-01-16 18:54:49,330.759320974621,10.0,21.56666666666669,38.6266666666667,20.1,39.454985297782976
2026-01-16 18:54:52,540.0,16.83544952730507,21.6333333333333,42.0666666666667,20.1,38.154
2026-01-16 18:54:54,120.0,22.666668814808922,21.7,45.0666666666667,20.1158415911512,40.56
2026-01-16 18:54:57,110.0,20.0,21.79,45.5266666666667,20.11265824408479,41.15625
2026-01-16 18:55:00,303.3901432337437,30.0,21.979378636564874,43.5266666666667,20.1,40.6925
2026-01-16 18:55:02,140.0,20.0,21.9266666666667,41.86,20.1,40.3
2026-01-16 18:55:05,550.0,20.0,22.025,41.075,20.1666666666667,40.69333333333329
2026-01-16 18:55:07,530.0,10.0,22.1,44.72529169710192,20.29,40.7175
2026-01-16 18:55:10,104.60465913249156,10.0,22.23,44.812148952104245,20.31,42.01465094745846
2026-01-16 18:55:13,100.0,10.0,22.29,45.02898860560498,20.39,41.7777777777778
2026-01-16 18:55:15,112.17821985589316,10.0,22.3566666666667,45.63,20.4541666666667,42.3416666666667
2026-01-16 18:55:18,106.08910992794658,10.0,22.29,44.63,20.51875,42.252708333333345
2026-01-16 18:55:21,100.0,10.0,22.29,43.26333333333329,20.60625,42.16375
2026-01-16 18:55:23,130.0,16.83544952730507,22.394621857076945,42.4566666666667,20.6666666666667,40.78273023722231
2026-01-16 18:55:26,110.0,10.0,22.39,41.6233333333333,20.7064285714286,41.1071428571429
2026-01-16 18:55:28,120.0,20.0,22.39,42.09666666666671,20.7736363636364,40.7
2026-01-16 18:55:31,115.0,30.0,22.408101280686836,43.293333333333294,20.83108175027885,40.05
2026-01-16 18:55:34,110.0,21.515155234151138,22.437777805050473,41.83333333333329,20.889999999999997,39.4
2026-01-16 18:55:36,100.0,20.0,22.4266666666667,40.393333333333295,20.89,39.33333333333329
2026-01-16 18:55:39,120.0,20.0,22.4266666666667,39.6,20.89,39.2
2026-01-16 18:55:42,250.0,30.0,22.5,39.1133895952128,20.89,39.433333333333294
2026-01-16 18:55:44,122.15190520747706,10.0,22.5,39.23,20.9175,39.475
2026-01-16 18:55:47,110.0,0.0,22.5,39.0266666666667,21.0,39.3266666666667
2026-01-16 18:55:49,150.0,10.0,22.5,38.8266666666667,21.0,39.02551723935
2026-01-16 18:55:52,110.0,10.0,22.5,38.73,21.0,39.03
2026-01-16 18:55:55,54.705884913491346,10.0,22.5,38.73,21.0,39.030416811145486
2026-01-16 18:55:57,54.0000048888793,10.0,22.445,38.4,20.816434757066194,38.9666666666667
2026-01-16 18:56:00,50.0,10.0,22.384166666666644,38.73,20.853217378533095,39.09
2026-01-16 18:56:03,50.0,10.0,22.32333333333329,38.863333333333294,20.89,39.29610182584466
2026-01-16 18:56:05,70.0,15.06328708541283,22.29,39.45189887880649,20.79,39.23
2026-01-16 18:56:08,60.909091322308036,20.0,22.29,39.29,20.674999931250134,39.363333333333294
2026-01-16 18:56:10,60.0,10.0,22.2,39.5666666666667,20.7,39.433333333333294
2026-01-16 18:56:13,70.0,10.0,22.2,39.7,20.7,39.56
2026-01-16 18:56:16,50.0,10.0,22.1,39.8266666666667,20.6,39.59
2026-01-16 18:56:18,70.0,10.0,22.1,39.9,20.5,39.6633333333333
2026-01-16 18:56:21,60.0,10.0,22.0,39.9,20.39,39.73
2026-01-16 18:56:24,70.0,20.0,21.9266666666667,39.9,20.39,39.863333333333294
2026-01-16 18:56:26,60.0,10.0,21.795485203941713,39.9,20.29,40.0
2026-01-16 18:56:29,60.0,10.0,21.82333333333329,39.9,20.23,40.0
2026-01-16 18:56:31,41.86770731274728,10.0,21.79,40.181980256814605,20.1666666666667,40.09
2026-01-16 18:56:34,40.0,10.0,21.73,40.153671039138686,20.075,40.0675
2026-01-16 18:56:37,47.346937492713465,20.0,21.6666666666667,40.0,20.0,40.0
2026-01-16 18:56:39,47.72413518193243,0.0,21.6,40.19333333333329,19.865316424034667,40.0
2026-01-16 18:56:42,50.0,0.0,21.56666666666669,40.5,19.89,40.03
2026-01-16 18:56:44,45.0,0.0,21.5,40.69333333333329,19.89,40.09
2026-01-16 18:56:47,40.0,0.0,21.463333333333296,40.9,19.76,40.09
2026-01-16 18:56:50,50.0,10.0,21.289292857254537,40.9,19.7,40.1633333333333
2026-01-16 18:56:52,40.0,0.0,21.32333333333329,40.8266666666667,19.6666666666667,40.06
2026-01-16 18:56:55,40.0,0.0,21.26,40.76,19.6,40.0
2026-01-16 18:56:58,40.0,0.0,21.2,40.7,19.6,40.01220341327198
2026-01-16 18:57:00,60.0,0.0,21.1666666666667,40.7,19.55,40.0
2026-01-16 18:57:03,50.0,0.0,21.1,40.7,19.5,40.03
2026-01-16 18:57:05,50.0,0.0,21.0,40.59,19.4266666666667,40.03
2026-01-16 18:57:08,40.0,0.0,21.0,40.59,19.39,40.1266666666667
2026-01-16 18:57:11,40.0,0.0,20.963333333333296,40.634444386868836,19.39,40.2
2026-01-16 18:57:13,20.0,0.0,20.89,40.6633333333333,19.29,40.27266671214804
2026-01-16 18:57:16,20.0,0.0,20.89,40.59,19.23,40.23
2026-01-16 18:57:19,20.0,0.0,20.89,40.59,19.2,40.29
2026-01-16 18:57:21,52.02531078354357,0.0,20.79,40.59,19.133755247236103,40.363333333333294
2026-01-16 18:57:24,60.0,0.0,20.79,40.54034485398329,19.1666666666667,40.416161643709735
2026-01-16 18:57:26,40.0,0.0,20.76,40.53,19.1,40.4
2026-01-16 18:57:29,50.0,0.0,20.7,40.56037972251247,19.1,40.4666666666667
2026-01-16 18:57:32,45.0,0.0,20.7,40.59,19.0,40.4
2026-01-16 18:57:34,40.0,0.0,20.6333333333333,40.53,18.934505708166526,40.4
2026-01-16 18:57:37,50.0,0.0,20.6,40.53,18.963333333333296,40.4
2026-01-16 18:57:40,50.0,0.0,20.406380293030335,40.59,18.873050809250312,40.4
2026-01-16 18:57:42,40.0,0.0,20.407632050109022,40.59,18.89,40.4
2026-01-16 18:57:45,50.0,0.0,20.41714935838786,40.6266666666667,18.89,40.4
2026-01-16 18:57:47,40.0,0.0,20.4266666666667,40.5666666666667,18.79,40.29
2026-01-16 18:57:50,50.0,0.0,20.39,40.68143461402014,18.79,40.363333333333294
2026-01-16 18:57:53,30.0,0.0,20.39,40.6633333333333,18.7,40.3266666666667
2026-01-16 18:57:55,20.0,0.0,20.29,40.7,18.7,40.4
2026-01-16 18:57:58,30.0,0.0,20.29,40.7,18.7,40.36333333333335
2026-01-16 18:58:01,30.0,0.0,20.29,40.7,18.59435026975011,40.3266666666667
2026-01-16 18:58:03,57.8470395581211,0.0,20.23,40.7,18.6,40.29
2026-01-16 18:58:06,51.25003451697936,0.0,20.2,40.7666666666667,18.6,40.29
2026-01-16 18:58:08,40.0,0.0,20.2,41.0266666666667,18.56666666666669,40.433333333333294
2026-01-16 18:58:11,76.83060230224505,3.037976301869266,20.2,41.2666666666667,18.436955212981076,40.6333333333333
2026-01-16 18:58:14,73.41530115112252,0.0,20.16666666666665,41.33333333333335,18.447192511668547,40.86
2026-01-16 18:58:16,70.0,10.0,20.1333333333333,41.4,18.448666616148262,41.0
2026-01-16 18:58:19,100.0,0.0,20.1333333333333,41.43132872001551,18.5,41.1266666666667
2026-01-16 18:58:22,60.0,20.0,20.1,41.36,18.39,41.1266666666667
2026-01-16 18:58:24,50.0,0.0,20.1,41.56,18.39,41.33333333333329
2026-01-16 18:58:27,40.0,0.0,20.1,41.4,18.3566666666667,41.463333333333296
2026-01-16 18:58:29,40.0,0.0,20.075000000000003,41.4,18.29,41.59
2026-01-16 18:58:32,40.0,0.0,20.05,41.39999999999999,18.3566666666667,41.59
2026-01-16 18:58:35,20.0,0.0,20.0,41.4,18.29,41.57124996343761
2026-01-16 18:58:37,36.206904613538676,0.0,20.0,41.4,18.2,41.59
2026-01-16 18:58:40,30.0,0.0,20.0,41.4,18.200000000000003,41.53
2026-01-16 18:58:43,40.0,0.0,19.932105193074936,41.4,18.200000000000003,41.545
2026-01-16 18:58:45,50.0,0.0,19.85068960204529,41.331556788339675,18.2,41.56
2026-01-16 18:58:48,40.0,0.0,19.89,41.4,18.2,41.59
2026-01-16 18:58:50,40.0,0.0,19.79,41.21868261875654,18.2,41.731188129237324
2026-01-16 18:58:53,40.0,0.0,19.79,41.23,18.2,41.72620255842007
2026-01-16 18:58:56,40.0,0.0,19.79,41.20000000000001,18.1333333333333,41.7
2026-01-16 18:58:58,45.0,0.0,19.79,41.2,18.1,41.73
2026-01-16 18:59:01,50.0,0.0,19.76,41.20000000000001,18.099999999999998,41.79
2026-01-16 18:59:03,35.99999511112068,0.0,19.7,41.2,18.1,41.79
2026-01-16 18:59:06,40.0,0.0,19.7,41.17595626907643,18.1,41.79
2026-01-16 18:59:09,40.0,0.0,19.662068932937014,41.183333292424344,18.1,41.79
2026-01-16 18:59:11,20.0,0.0,19.681034466468507,41.2,18.1,41.79
2026-01-16 18:59:14,36.835449527305066,0.0,19.7,41.2,18.1,41.79
2026-01-16 18:59:17,30.0,0.0,19.599999999999998,41.09,18.1333333333333,41.7
2026-01-16 18:59:19,40.0,0.0,19.6,41.09924055729573,18.1333333333333,41.7
2026-01-16 18:59:22,50.0,0.0,19.6,41.045,18.2,41.6633333333333
2026-01-16 18:59:24,50.0,0.0,19.6,41.1266666666667,18.2,41.59
2026-01-16 18:59:27,40.0,0.0,19.6,41.2,18.2,41.59
2026-01-16 18:59:30,40.0,0.0,19.55686272652828,41.22090913677673,18.26,41.59
2026-01-16 18:59:32,42.00000244443965,0.0,19.562222183456868,41.2,18.23,41.53
2026-01-16 18:59:35,40.0,0.0,19.6,41.23,18.29,41.59
2026-01-16 18:59:38,40.0,0.0,19.533333333333296,41.29,18.29,41.517796586728025
2026-01-16 18:59:40,50.0,0.0,19.5,41.29,18.29,41.53
2026-01-16 18:59:43,40.0,0.0,19.5,41.29,18.29,41.5
2026-01-16 18:59:45,50.0,0.0,19.5,41.30692310368175,18.29,41.5
2026-01-16 18:59:48,40.0,0.0,19.5,41.29,18.29,41.5
2026-01-16 18:59:51,25.45455702476146,0.0,19.5,41.29,18.29,41.5
2026-01-16 18:59:53,20.0,0.0,19.5,41.37799997311116,18.25400000599998,41.5
2026-01-16 18:59:56,30.0,0.0,19.44569615793954,41.4,18.245,41.44509804071508
2026-01-16 18:59:59,40.0,0.0,19.5,41.4,18.29,41.43921568702419
2026-01-16 19:00:01,50.0,0.0,19.39,41.29,18.23,41.433333333333294
2026-01-16 19:00:04,50.0,0.0,19.39,41.29,18.29,41.5
2026-01-16 19:00:06,50.0,0.0,19.463333333333296,41.363333333333294,18.2,41.4
2026-01-16 19:00:09,40.0,0.0,19.39,41.29,18.26,41.4666666666667
2026-01-16 19:00:12,40.0,0.0,19.39,41.29,18.29,41.5
2026-01-16 19:00:14,40.0,0.0,19.39,41.345,18.29,41.5
2026-01-16 19:00:17,40.0,0.0,19.39,41.363333333333294,18.29,41.5
2026-01-16 19:00:20,46.61016185006269,0.0,19.360621416259875,41.37824861622128,18.29,41.5
2026-01-16 19:00:22,50.0,0.0,19.39,41.363333333333294,18.26,41.45063287085412
2026-01-16 19:00:25,50.0,0.0,19.29,41.4,18.200000000000003,41.5
2026-01-16 19:00:27,30.0,0.0,19.3566666666667,41.4,18.2,41.4
2026-01-16 19:00:30,20.0,0.0,19.29,41.4,18.2,41.4
2026-01-16 19:00:33,30.0,0.0,19.29,41.4,18.2,41.4
2026-01-16 19:00:35,30.0,0.0,19.32333333333329,41.4,18.2,41.4
2026-01-16 19:00:38,40.0,0.0,19.32333333333329,41.27058090507654,18.2,41.4
2026-01-16 19:00:41,50.0,0.0,19.29,41.27977943179335,18.2,41.4
2026-01-16 19:00:43,50.0,0.0,19.29,41.277065846158024,18.2,41.4
2026-01-16 19:00:46,41.515155234151145,0.0,19.29,41.29,18.175,41.52363641074366
2026-01-16 19:00:48,40.0,0.0,19.29,41.254620641840766,18.1,41.5
2026-01-16 19:00:51,40.0,0.0,19.29,41.29,18.1,41.56
2026-01-16 19:00:54,50.0,0.0,19.29,41.2,18.1,41.56
2026-01-16 19:00:56,40.0,0.0,19.244999999999997,41.2,18.06666666666669,41.56
2026-01-16 19:00:59,40.0,0.0,19.2,41.2,18.0,41.5
2026-01-16 19:01:02,40.0,0.0,19.115053757266733,41.2,18.0,41.5
2026-01-16 19:01:04,24.93671291458717,1.8987366127179028,19.116877623618027,41.2,17.9266666666667,41.5
2026-01-16 19:01:07,20.0,0.0,19.1333333333333,41.1266666666667,17.89,41.53
2026-01-16 19:01:09,30.0,0.0,19.1,41.1266666666667,17.852222183456867,41.59
2026-01-16 19:01:12,30.0,10.0,19.1,41.1266666666667,17.89,41.56
2026-01-16 19:01:15,376.66694848397657,10.0,19.1,41.2,17.8233333333333,41.53
2026-01-16 19:01:17,230.0,10.0,19.099999999999998,41.0,17.79,41.797283621905954
2026-01-16 19:01:20,660.0,10.0,19.1,40.933333333333294,17.79,41.78000008352929
2026-01-16 19:01:23,510.0,0.0,19.1,41.0,17.869322194177467,41.733729100947166
2026-01-16 19:01:25,300.0,10.0,19.1,41.19333333333329,17.79,41.59
2026-01-16 19:01:28,300.0,20.0,19.1,41.4666666666667,17.9266666666667,41.86
2026-01-16 19:01:30,350.0,10.0,19.87963701475993,42.1128967443135,18.06666666666669,42.06
2026-01-16 19:01:33,90.0,4.808740938819162,19.85426174476281,41.96,18.1333333333333,42.357241499175366
2026-01-16 19:01:36,100.0,6.060598209389682,19.6966666666667,42.31919147993697,18.2925,42.27
2026-01-16 19:01:38,130.0,10.0,19.963333333333296,42.53,18.463333333333296,42.548666760222055
2026-01-16 19:01:41,200.0,0.0,20.1,42.1,18.7,42.4666666666667
2026-01-16 19:01:44,480.0,0.0,20.1,41.8266666666667,19.006214849602166,42.5266666666667
2026-01-16 19:01:46,430.0,10.0,20.258670940826665,41.9,18.9266666666667,42.7966666666667
2026-01-16 19:01:49,630.0,10.0,20.2,41.15878746232901,19.06666666666669,42.53
2026-01-16 19:01:51,600.0,10.0,20.29,41.363333333333294,19.2,41.9233333333333
2026-01-16 19:01:54,470.0,20.0,20.365,40.8925,19.26,41.39
2026-01-16 19:01:57,740.0,5.454557024761458,20.463333333333296,40.7666666666667,19.39,41.06
2026-01-16 19:01:59,600.0,0.0,20.514999999999993,40.6966666666667,19.463333333333296,40.933333333333294
2026-01-16 19:02:02,560.0,10.0,20.56666666666669,40.6266666666667,19.5,40.6333333333333
2026-01-16 19:02:05,440.0,20.0,20.70259894246845,40.4,19.56666666666669,40.433333333333294
2026-01-16 19:02:07,280.0,10.0,20.6666666666667,39.391434351151496,19.6,39.31325630061829
2026-01-16 19:02:10,110.0,20.0,20.73,39.6333333333333,19.6727272727273,39.6381818181818
2026-01-16 19:02:12,80.0,10.0,20.79,39.36,19.7,39.1966666666667
2026-01-16 19:02:15,70.0,10.0,20.76,38.7966666666667,19.7,38.6333333333333
2026-01-16 19:02:18,50.0,10.0,20.76,38.463333333333296,19.683333278333418,38.36166666666671
2026-01-16 19:02:20,50.0,12.376238672677975,20.76,38.29,19.7,38.23
2026-01-16 19:02:23,56.962023698130736,11.898736612717903,20.7,38.41919839902777,19.60748293731784,38.36
2026-01-16 19:02:26,60.0,10.0,20.67514119142024,38.3266666666667,19.636089579992987,38.56
2026-01-16 19:02:28,50.0,10.0,20.7,38.4666666666667,19.7,38.73
2026-01-16 19:02:31,60.0,20.0,20.6666666666667,38.59,19.616666666666646,38.8175
2026-01-16 19:02:33,50.0,10.0,20.6,38.6633333333333,19.533333333333296,38.9666666666667
2026-01-16 19:02:36,50.0,17.761191345517215,20.6,38.79,19.463333333333296,39.03
2026-01-16 19:02:39,40.0,20.0,20.533333333333296,38.863333333333294,19.39,39.09
2026-01-16 19:02:41,30.0,11.747572193417886,20.5,38.933333333333294,19.3566666666667,39.1566666666667
2026-01-16 19:02:44,40.0,10.0,20.5,39.01166666666665,19.27833333333335,39.29
2026-01-16 19:02:46,50.0,20.0,20.39,39.09,19.2,39.23
2026-01-16 19:02:49,50.0,0.0,20.39,39.35025328209658,19.1333333333333,39.363333333333294
2026-01-16 19:02:52,50.0,0.0,20.175671601363383,39.2,19.06666666666669,39.363333333333294
2026-01-16 19:02:54,48.34482502259646,0.0,20.186465044227273,39.53,18.802376213425188,39.164059382526254
2026-01-16 19:02:57,50.0,0.0,20.23,39.463333333333296,18.81443031243406,39.17607588045202
2026-01-16 19:03:00,50.0,0.0,20.164084455981083,39.43166666666664,18.89,39.26
2026-01-16 19:03:02,50.0,0.0,20.08101263387282,39.4,18.76,39.09
2026-01-16 19:03:05,40.0,0.0,20.1,39.29,18.7,39.09
2026-01-16 19:03:07,50.0,0.0,20.1,39.23,18.6666666666667,39.06
2026-01-16 19:03:10,50.0,0.0,20.0,39.2,18.6,39.06
2026-01-16 19:03:13,36.43834683807893,0.0,20.0,39.2,18.56666666666669,39.061136366425615
2026-01-16 19:03:15,40.0,0.0,19.89,39.2,18.5,39.06
2026-01-16 19:03:18,29.85075942300812,0.0,19.89,39.2,18.364626830771595,39.06
2026-01-16 19:03:21,20.0,0.0,19.752083251562727,39.09,18.39,39.0675
2026-01-16 19:03:23,43.037976301869264,0.0,19.79,39.09,18.306666617721643,39.09
2026-01-16 19:03:26,40.0,0.0,19.7,39.09,18.3566666666667,39.1266666666667
2026-01-16 19:03:28,50.0,0.0,19.68333333333335,39.09,18.29,39.2
2026-01-16 19:03:31,40.0,0.0,19.6666666666667,39.0,18.2,39.2
2026-01-16 19:03:34,46.060598209389674,0.0,19.6,39.0,18.2,39.2
2026-01-16 19:03:36,50.0,0.0,19.39,38.9799999755556,18.1,39.26
2026-01-16 19:03:39,40.0,0.0,19.39,39.0,18.1,39.26
2026-01-16 19:03:42,40.0,0.0,19.39,39.0,18.06666666666669,39.26
2026-01-16 19:03:44,42.42424655645918,0.0,19.39,38.9,18.033333333333346,39.2
2026-01-16 19:03:47,47.57575344354082,0.0,19.39,38.9,18.0,39.29
2026-01-16 19:03:49,50.0,0.0,19.39,38.9,18.0,39.29
2026-01-16 19:03:52,40.0,0.0,19.39,38.9,17.850689602045293,39.3266666666667
2026-01-16 19:03:55,50.0,0.0,19.29,38.982183948791054,17.89,39.4
2026-01-16 19:03:57,20.0,0.0,19.29,38.9666666666667,17.789999999999996,39.4666666666667
2026-01-16 19:04:00,30.0,0.0,19.29,38.99833333333335,17.79,39.4666666666667
2026-01-16 19:04:03,10.0,0.0,19.23,39.03,17.79,39.51144070375604
2026-01-16 19:04:05,52.02531078354357,0.0,19.168275818105506,39.0,17.79,39.5
2026-01-16 19:04:08,60.0,0.0,19.2,39.0,17.7,39.5
2026-01-16 19:04:10,40.0,0.0,19.117777762469153,39.09,17.7,39.5675
2026-01-16 19:04:13,50.0,0.0,19.1333333333333,39.09,17.7,39.59
2026-01-16 19:04:16,40.0,0.0,19.1,39.09,17.65,39.56
2026-01-16 19:04:18,40.0,0.0,19.1,39.279000096555365,17.6,39.618000034222156
2026-01-16 19:04:21,40.0,0.0,19.06666666666669,39.2,17.6,39.59
2026-01-16 19:04:24,70.0,10.0,19.0,39.2,17.6,39.59
2026-01-16 19:04:26,50.0,0.0,19.0,39.595,17.5,39.73
2026-01-16 19:04:29,50.0,0.0,19.0,39.963333333333296,17.5,40.21416687395785
2026-01-16 19:04:31,40.0,10.0,19.0,40.03,17.5,40.1266666666667
2026-01-16 19:04:34,30.0,4.808740938819162,19.0,40.0,17.39,40.26
2026-01-16 19:04:37,30.0,6.060598209389682,19.0,39.933333333333294,17.39,40.61515162506855
2026-01-16 19:04:39,20.0,10.0,18.963333333333296,40.14051291790471,17.39,40.56
2026-01-16 19:04:42,50.0,0.0,18.89,40.06,17.39,40.7
2026-01-16 19:04:45,50.0,0.0,18.89,40.2,17.38435026975011,40.7
2026-01-16 19:04:47,50.0,0.0,18.89,40.26333333333335,17.39,40.73
2026-01-16 19:04:50,50.0,0.0,18.89,40.3266666666667,17.39,40.863333333333294
2026-01-16 19:04:52,42.666668814808915,0.0,18.89,40.5266666666667,17.3566666666667,40.933333333333294
2026-01-16 19:04:55,40.0,0.0,18.89,40.59,17.29,41.06
2026-01-16 19:04:58,50.0,0.0,18.89,40.53,17.284915242775096,40.98749996562507
2026-01-16 19:05:00,40.0,0.0,18.79,40.4,17.29,41.0
2026-01-16 19:05:03,40.0,0.0,18.79,40.41666666666664,17.29,41.0
2026-01-16 19:05:05,40.0,0.0,18.79,40.433333333333294,17.26,40.949241447819134
2026-01-16 19:05:08,40.0,0.0,18.79,40.53531648732568,17.2,40.9
2026-01-16 19:05:11,20.0,0.0,18.7,40.5,17.2,41.01454547933875
2026-01-16 19:05:13,30.0,0.0,18.7,40.56,17.2,41.0
2026-01-16 19:05:16,30.0,0.0,18.7,40.59,17.2,41.06
2026-01-16 19:05:19,35.0,0.0,18.7,40.59,17.2,41.0
2026-01-16 19:05:21,40.0,0.0,18.7,40.59,17.2,41.03
2026-01-16 19:05:24,40.0,0.0,18.6,40.545,17.1333333333333,41.03
2026-01-16 19:05:26,50.0,0.0,18.6,40.49999999999999,17.1333333333333,41.09
2026-01-16 19:05:29,50.0,0.0,18.6,40.5,17.235316487325676,41.03
2026-01-16 19:05:32,50.0,0.0,18.6,40.5,17.2,40.9666666666667
2026-01-16 19:05:34,45.0,0.0,18.6,40.5,17.26,40.9666666666667
2026-01-16 19:05:37,40.0,0.0,18.6,40.5,17.29,40.9
2026-01-16 19:05:40,40.0,0.0,18.6,40.51454547933875,17.3566666666667,40.9
2026-01-16 19:05:42,38.910892794821436,0.0,18.6,40.5,17.4266666666667,40.741277691561926
2026-01-16 19:05:45,37.97468921645643,0.0,18.7,40.56,17.5,40.8266666666667
2026-01-16 19:05:48,30.0,0.0,18.76,40.5,17.55,40.6633333333333
2026-01-16 19:05:50,50.0,0.0,18.79,40.4,17.6,40.6175
2026-01-16 19:05:53,40.0,0.0,18.79,40.4,17.6,40.60121199297555
2026-01-16 19:05:55,50.0,0.0,18.911479303324448,40.29,17.7,40.6633333333333
2026-01-16 19:05:58,40.0,0.0,18.905808410251314,40.29,17.76,40.53
2026-01-16 19:06:01,40.0,0.0,18.89,40.29,17.79,40.4666666666667
2026-01-16 19:06:03,40.0,0.0,18.89,40.245000000000005,17.79,40.4666666666667
2026-01-16 19:06:06,40.0,0.0,18.89,40.2,17.79,40.4666666666667
2026-01-16 19:06:09,50.0,0.0,19.0,40.09,17.79,40.4
2026-01-16 19:06:11,50.0,0.0,19.0,40.03,17.79,40.4
2026-01-16 19:06:14,50.0,0.0,19.0,39.9666666666667,17.830403988062617,40.4
2026-01-16 19:06:16,30.0,0.0,19.0,39.9,17.8566666666667,40.4666666666667
2026-01-16 19:06:19,30.0,0.0,19.0,39.9,17.79,40.4
2026-01-16 19:06:22,25.0,0.0,19.0,39.9,17.79,40.43333333333335
2026-01-16 19:06:24,20.0,0.0,19.0,39.89999999999999,17.79,40.4666666666667
2026-01-16 19:06:27,48.48484476584885,0.0,19.0,39.9,17.79,40.4
2026-01-16 19:06:29,50.0,0.0,19.0,39.9,17.79,40.39503447817124
2026-01-16 19:06:32,50.0,0.0,19.06666666666669,39.9,17.819113953800066,40.4
2026-01-16 19:06:35,40.0,0.0,19.1,39.9,17.79,40.379999999999995
2026-01-16 19:06:37,40.0,0.0,19.1,39.9,17.8233333333333,40.36
2026-01-16 19:06:40,40.0,0.0,19.226202558420066,39.9,17.89,40.425
2026-01-16 19:06:43,40.0,0.0,19.2,40.060621529818846,17.89,40.4
2026-01-16 19:06:45,40.0,0.0,19.23,40.03,18.0,40.4
2026-01-16 19:06:48,50.0,0.0,19.29,40.09,18.0,40.48505054623493
2026-01-16 19:06:50,35.0,0.0,19.29,40.1266666666667,18.033333333333296,40.463333333333296
2026-01-16 19:06:53,20.0,0.0,19.29,40.22620255842007,18.1,40.53
2026-01-16 19:06:56,20.0,0.0,19.37484844765849,40.2,18.1,40.5
2026-01-16 19:06:58,30.0,0.0,19.39,40.23,18.1,40.433333333333294
2026-01-16 19:07:01,40.0,0.0,19.39,40.29,18.1,40.4
2026-01-16 19:07:04,40.0,0.0,19.29,40.26,18.1,40.4
2026-01-16 19:07:06,40.0,0.0,19.284303790161843,40.1266666666667,18.1,40.29
2026-01-16 19:07:09,40.0,0.0,19.29,40.06,18.1,40.29
2026-01-16 19:07:11,42.37623867267798,0.0,19.29,39.754367706976,17.965103399916075,40.2
2026-01-16 19:07:14,41.8987366127179,0.0,19.26,39.83333333333329,18.0,40.2
2026-01-16 19:07:17,40.0,0.0,19.2,39.74833333333329,17.963333333333352,40.262531696918124
2026-01-16 19:07:19,40.0,0.0,19.2,39.6633333333333,17.9266666666667,40.310333313370435
2026-01-16 19:07:22,50.0,0.0,19.2,39.59,17.89,40.3266666666667
2026-01-16 19:07:25,60.0,10.0,19.2,39.59,17.8233333333333,40.3266666666667
2026-01-16 19:07:27,190.0,20.0,19.2,39.53,17.79,40.245
2026-01-16 19:07:30,181.24993843766944,10.000000000000002,19.1666666666667,39.4666666666667,17.7,40.1633333333333
2026-01-16 19:07:32,210.0,10.0,19.1,39.2666666666667,17.7,39.961666666666645
2026-01-16 19:07:35,140.0,10.0,19.06666666666669,39.09,17.6666666666667,39.76
2026-01-16 19:07:38,137.58625659918178,10.0,19.0,39.03,17.6666666666667,39.76
2026-01-16 19:07:40,120.0,6.89552205034573,19.0,38.8266666666667,17.6666666666667,39.6633333333333
2026-01-16 19:07:43,239.1140554876267,7.05882266436151,19.0,39.40088628417408,17.6,39.723333333333294
2026-01-16 19:07:46,110.0,8.529411332180755,19.0,39.19,17.6,39.86
2026-01-16 19:07:48,260.0,10.0,19.0,39.463333333333296,17.6666666666667,40.1333333333333
2026-01-16 19:07:51,550.0,0.0,19.0,39.863333333333294,17.840505156289872,40.21454547933876
2026-01-16 19:07:53,410.6896876634637,10.0,19.033333333333296,40.7666666666667,17.79,40.2
2026-01-16 19:07:56,396.8441719786851,17.724135181932436,19.1666666666667,40.8266666666667,17.89,40.26
2026-01-16 19:07:59,363.10364102213504,20.0,19.2,41.0266666666667,17.9633333333333,40.2
2026-01-16 19:08:01,290.0,15.0,19.261666666666645,40.8266666666667,18.031666666666652,40.09
2026-01-16 19:08:04,516.8353976286925,10.0,19.32333333333329,40.84852295534958,18.1,40.1633333333333
2026-01-16 19:08:07,570.0,20.0,19.39,41.1333333333333,18.34022614694965,40.5
2026-01-16 19:08:09,470.0,20.0,19.39,40.6333333333333,18.26,40.6333333333333
2026-01-16 19:08:12,450.0,20.0,19.39,40.433333333333294,18.4266666666667,40.59
2026-01-16 19:08:14,450.0,10.0,19.5,40.00217204801836,18.5,40.463333333333296
2026-01-16 19:08:17,380.0,20.0,19.56666666666669,40.1566666666667,18.65,40.29
2026-01-16 19:08:20,110.0,10.0,19.6333333333333,39.72086717694773,18.73,40.1333333333333
2026-01-16 19:08:22,107.33333118519106,10.0,19.73118812923732,39.86,18.89,40.0
2026-01-16 19:08:25,110.0,20.0,19.726202558420066,39.28388026296197,18.89,39.07764690303365
2026-01-16 19:08:28,100.0,10.0,19.7,39.53,18.89,39.16101644658762
2026-01-16 19:08:30,110.0,10.0,19.73,38.818438529531186,18.89,39.4
2026-01-16 19:08:33,120.0,0.0,19.79,39.1266666666667,18.945,39.1333333333333
2026-01-16 19:08:35,70.0,10.0,19.79,38.66,19.0,38.363333333333294
2026-01-16 19:08:38,50.0,0.0,19.79,38.25,18.9266666666667,38.1633333333333
2026-01-16 19:08:41,32.500006874986404,0.0,19.79,38.2,18.89,38.3266666666667
2026-01-16 19:08:43,30.0,0.0,19.79,38.23,18.89,38.4666666666667
2026-01-16 19:08:46,30.0,0.0,19.79,38.29,18.9266666666667,38.53
2026-01-16 19:08:49,40.0,0.0,19.79,38.425,19.0,38.6633333333333
2026-01-16 19:08:51,50.0,0.0,19.79,38.56,18.89,38.9105485678202
2026-01-16 19:08:54,50.0,0.0,19.79,38.63333341969672,18.89,38.863333333333294
2026-01-16 19:08:56,40.0,0.0,19.79,38.59,19.0,38.933333333333294
2026-01-16 19:08:59,50.0,0.0,19.79,38.7,18.9266666666667,39.0
2026-01-16 19:09:02,45.0,0.0,19.79,38.7,18.89,39.03
2026-01-16 19:09:04,40.0,0.0,19.79,38.7,18.89,39.09
2026-01-16 19:09:07,50.0,0.0,19.79,38.76,18.79,39.03
2026-01-16 19:09:10,40.0,0.0,19.7,38.8266666666667,18.7675,39.09
2026-01-16 19:09:12,30.0,0.0,19.7,38.9,18.7,39.1633333333333
2026-01-16 19:09:15,38.235297128022644,0.0,19.7,39.0,18.47894735237977,39.1633333333333
2026-01-16 19:09:17,34.11764856401132,0.0,19.6333333333333,38.933333333333294,18.489473676189885,39.1633333333333
2026-01-16 19:09:20,30.0,0.0,19.6,39.0,18.5,39.2
2026-01-16 19:09:23,50.0,0.0,19.6,39.20677419754421,18.5,39.2
2026-01-16 19:09:25,40.0,0.0,19.56666666666669,39.20569620983815,18.32924045117782,39.23
2026-01-16 19:09:28,50.0,0.0,19.5,39.2,18.39,39.29
2026-01-16 19:09:30,50.0,0.0,19.38333332518521,39.2,18.29,39.25163933148349
2026-01-16 19:09:33,50.0,0.0,19.39,39.23,18.23,39.27081966574174
2026-01-16 19:09:36,32.35293775087017,0.0,19.39,39.28108908182536,18.2,39.29
2026-01-16 19:09:38,33.33332629631177,0.0,19.3566666666667,39.29,18.1333333333333,39.23
2026-01-16 19:09:41,40.0,0.0,19.230379722512478,39.29,18.1,39.199999999999996
2026-01-16 19:09:44,30.0,0.0,19.26,39.199999999999996,18.033333333333296,39.2
2026-01-16 19:09:46,20.0,0.0,19.2,39.2,18.0,39.2
2026-01-16 19:09:49,34.8275988703621,0.0,19.2,39.2,17.9266666666667,39.2
2026-01-16 19:09:51,30.0,0.0,19.1333333333333,39.2,17.89,39.25877739236395
2026-01-16 19:09:54,45.339801658978324,0.0,19.1,39.14209783841276,17.8233333333333,39.2
2026-01-16 19:09:57,50.0,0.0,19.1,39.2,17.79,39.38175439451856
2026-01-16 19:09:59,40.0,0.0,19.0,39.09,17.7225,39.37931625675353
2026-01-16 19:10:02,40.0,0.0,19.0,39.04179097995854,17.7,39.363333333333294
2026-01-16 19:10:05,40.0,0.0,18.963333333333296,38.955913961706564,17.579095941013417,39.4
2026-01-16 19:10:07,46.68965004519292,0.0,18.89,38.96075945852701,17.6333333333333,39.400000000000006
2026-01-16 19:10:10,50.0,0.0,18.89,39.0,17.5,39.4
2026-01-16 19:10:12,40.66665748150284,0.0,18.82333333333329,38.933333333333294,17.5,39.4
2026-01-16 19:10:15,50.0,0.0,18.79,38.9,17.5,39.4
2026-01-16 19:10:18,30.0,0.0,18.7675,38.9,17.5,39.4
2026-01-16 19:10:20,30.0,0.0,18.7,38.9666666666667,17.39,39.4
2026-01-16 19:10:23,20.0,0.0,18.7,39.0,17.39,39.4
2026-01-16 19:10:26,53.582092644238145,0.0,18.7,39.00068029436345,17.3566666666667,39.433333333333294
2026-01-16 19:10:28,51.79104632211907,0.0,18.6666666666667,38.98367348051507,17.29,39.5
2026-01-16 19:10:31,50.0,0.0,18.6,38.9666666666667,17.29,39.5
2026-01-16 19:10:33,53.06930824428692,0.0,18.6,39.0853847311635,17.23,39.433333333333294
2026-01-16 19:10:36,52.15190520747706,0.0,18.6,39.0,17.2,39.526202558420074
2026-01-16 19:10:39,40.0,5.859873461397121,18.56666666666669,39.09,17.2,39.5
2026-01-16 19:10:41,80.0,5.27991917046334,18.5,39.24,17.1666666666667,39.53
2026-01-16 19:10:44,40.0,4.936712914587169,18.5,39.39,17.1,39.59
2026-01-16 19:10:47,50.0,0.0,18.5,39.59,17.1,39.8
2026-01-16 19:10:49,340.0,10.0,18.5,39.79,17.06068960204529,40.03
2026-01-16 19:10:52,150.0,10.0,18.5,39.79,17.1,40.03
2026-01-16 19:10:55,50.0,5.0,18.5,39.6633333333333,17.05,39.69333333333329
2026-01-16 19:10:57,58.34482502259645,0.0,18.381724125112985,39.463333333333296,17.0,39.36
2026-01-16 19:11:00,60.0,10.0,18.39,39.26,17.0,39.1633333333333
2026-01-16 19:11:02,59.33333362963072,0.0,18.360512784571625,38.620367481413226,16.889999999999997,38.708222055605276
2026-01-16 19:11:05,60.0,0.0,18.39,38.863333333333294,16.89,38.863333333333294
2026-01-16 19:11:08,50.0,0.0,18.34,38.22020179403185,16.89,38.6566666666667
2026-01-16 19:11:10,70.0,0.0,18.314999999999998,38.3266666666667,16.89,38.363333333333294
2026-01-16 19:11:13,60.0,0.0,18.29,38.1333333333333,16.89,38.23
2026-01-16 19:11:16,60.0,10.0,18.29,37.933333333333294,16.79,38.0
2026-01-16 19:11:18,60.0,16.068960204528892,18.29,37.775774168643366,16.79,37.933333333333294
2026-01-16 19:11:21,350.0,20.0,18.23,37.75707082291057,16.79,37.933333333333294
2026-01-16 19:11:23,75.44827036386486,7.999997555560345,18.2,37.7,16.79,38.393333333333295
2026-01-16 19:11:26,80.0,10.0,18.2,37.83333333333329,16.89,38.6266666666667
2026-01-16 19:11:29,67.50001562495547,10.0,18.2,37.863333333333294,16.908333365416542,38.7
2026-01-16 19:11:31,60.0,0.0,18.199999999999996,37.73,16.89,38.96
2026-01-16 19:11:34,80.0,10.0,18.2,38.03,16.9633333333333,39.21139241967631
2026-01-16 19:11:37,84.06780442399221,4.067804423992219,18.2,38.823333333333295,16.89,39.2
2026-01-16 19:11:39,80.0,0.0,18.2,39.32833333333329,16.89,39.2
2026-01-16 19:11:42,90.0,10.0,18.26,39.83333333333329,16.89,39.26
2026-01-16 19:11:44,90.0,10.0,18.2,38.96,16.89,39.29
2026-01-16 19:11:47,70.0,0.0,18.2,38.4266666666667,16.89,39.1566666666667
2026-01-16 19:11:50,90.0,10.0,18.2,37.9,16.89,38.863333333333294
2026-01-16 19:11:52,60.0,10.0,18.2,37.3666666666667,16.861794791913386,38.33
2026-01-16 19:11:55,70.0,10.0,18.2,36.883970846050964,16.79,37.9666666666667
2026-01-16 19:11:58,90.0,0.0,18.125,36.88888886161622,16.79,37.8266666666667
2026-01-16 19:12:00,70.0,0.0,18.1,36.9,16.79,37.7
2026-01-16 19:12:03,110.0,0.0,18.1,36.9,16.789999999999996,37.6266666666667
2026-01-16 19:12:06,70.0,0.0,18.1,36.8266666666667,16.79,37.56
2026-01-16 19:12:08,148.9744146174142,0.0,18.1,36.8266666666667,16.79,37.5
2026-01-16 19:12:11,80.0,0.0,18.060689602045294,36.9,16.79,37.4666666666667
2026-01-16 19:12:14,330.0,10.0,18.1,35.83882796043111,16.79,37.4
2026-01-16 19:12:16,200.0,0.0,18.05,35.84977447529726,16.79,37.43333333333335
2026-01-16 19:12:19,70.0,0.0,18.0,35.85085254117914,16.79,37.4666666666667
2026-01-16 19:12:22,58.666676148127884,0.0,18.0,35.864733665312905,16.79,37.4666666666667
2026-01-16 19:12:25,50.0,0.0,18.0,35.89383218419478,16.79,37.4
2026-01-16 19:12:28,60.0,0.0,18.0,36.0,16.79,37.29
2026-01-16 19:12:30,80.0,0.0,17.89,35.864999999999995,16.76,37.2
2026-01-16 19:12:33,76.68789794109323,0.0,17.89,35.73,16.7,37.1266666666667
2026-01-16 19:12:36,76.77419302809699,0.0,17.89,35.73661023981593,16.76,36.83333333333329
2026-01-16 19:12:38,76.96202369813074,0.0,17.8237552472361,35.7,16.7,36.7
2026-01-16 19:12:41,80.0,0.0,17.8566666666667,35.79,16.7,36.59
2026-01-16 19:12:43,70.0,0.0,17.79,35.79,16.7,36.53
2026-01-16 19:12:46,80.0,0.0,17.79,35.8266666666667,16.7,36.5
2026-01-16 19:12:49,42.50000937498828,0.0,17.79,35.975,16.64140126538603,36.5
2026-01-16 19:12:51,40.0,0.0,17.79,36.06,16.643564342662504,36.5
2026-01-16 19:12:54,30.0,0.0,17.7,36.09,16.65063287085413,36.5
2026-01-16 19:12:57,55.0,0.0,17.7,36.1633333333333,16.7,36.56
2026-01-16 19:12:59,80.0,0.0,17.7,36.2,16.6,36.5
2026-01-16 19:13:02,80.0,0.0,17.7,36.26,16.6,36.5
2026-01-16 19:13:04,80.0,0.0,17.6,36.23,16.6,36.5
2026-01-16 19:13:07,85.0,0.0,17.6,36.29,16.6,36.53
2026-01-16 19:13:10,90.0,0.0,17.6,36.29,16.6,36.59
2026-01-16 19:13:12,80.0,0.0,17.6,36.29,16.5666666666667,36.59
2026-01-16 19:13:15,80.0,0.0,17.6,36.29,16.55,36.6175
2026-01-16 19:13:18,80.0,0.0,17.6,36.363333333333294,16.5,36.7
